"","road_fit_all","road_fit_all","road_fit_all","road_fit_all"
"1",36.0505,48.8603333333333,51.7845,55.2428333333333
"2",36.6956666666667,51.4795,53.3798333333333,56.3995
"3",36.034,50.1521666666667,54.4558333333333,56.4988333333333
"4",38.1758333333333,52.3206666666667,53.9325,57.3521666666667
"5",38.9708333333333,50.2993333333333,54.4231666666667,56.3095
"6",41.4805,51.7951666666667,55.3148333333333,55.47
"7",40.0101666666667,50.726,55.9845,54.8513333333333
"8",36.2265,50.7265,57.3385,57.9621666666667
"9",32.563,49.126,53.7436666666667,55.1233333333333
"10",31.7371666666667,48.8605,51.5755,52.1786666666667
"11",30.3806666666667,48.3766666666667,49.5516666666667,46.5896666666667
"12",29.3035,45.6395,48.9045,41.6263333333333
"13",32.0171666666667,46.7263333333333,49.3665,40.4813333333333
"14",29.248,46.6298333333333,48.4091666666667,50.1473333333333
"15",30.5026666666667,46.6191666666667,43.8505,44.2566666666667
"16",32.0143333333333,46.2318333333333,46.1585,47.3403333333333
"17",30.3043333333333,47.4868333333333,35.5145,45.6821666666667
"18",28.3356666666667,46.7291666666667,45.2776666666667,49.6638333333333
"19",28.9203333333333,44.9975,47.6323333333333,49.0866666666667
"20",27.6038333333333,45.8761666666667,47.1063333333333,49.1241666666667
"21",28.8833333333333,44.8805,47.851,47.7156666666667
"22",29.1508333333333,44.7091666666667,46.2098333333333,48.6208333333333
"23",29.2815,47.1005,46.9873333333333,48.297
"24",29.522,47.8713333333333,48.6976666666667,49.8996666666667
"25",36.2038333333333,49.3971666666667,50.8946666666667,51.8698333333333
"26",36.8886666666667,51.7711666666667,52.9686666666667,54.0026666666667
"27",37.81,51.0076666666667,53.9376666666667,55.8725
"28",37.6541666666667,50.972,54.3791666666667,56.1631666666667
"29",39.6588333333333,51.3213333333333,52.912,55.6663333333333
"30",37.9436666666667,52.6071666666667,56.1341666666667,56.0875
"31",39.3598333333333,51.6981666666667,56.1196666666667,53.6415
"32",37.37,51.5181666666667,56.7321666666667,55.2096666666667
"33",32.9068333333333,48.8378333333333,53.7811666666667,54.2856666666667
"34",29.6055,48.402,51.3438333333333,49.117
"35",27.7503333333333,46.7046666666667,49.9383333333333,40.2725
"36",29.4461666666667,46.2181666666667,48.3551666666667,29.3256666666667
"37",28.0615,46.605,49.0006666666667,29.0518333333333
"38",28.796,47.1021666666667,49.5238333333333,40.6183333333333
"39",30.4661666666667,47.3745,49.4551666666667,44.4328333333333
"40",30.5543333333333,46.4745,47.0725,38.8808333333333
"41",29.9798333333333,46.4076666666667,47.8845,27.6566666666667
"42",28.0865,45.7773333333333,47.0688333333333,32.5688333333333
"43",24.633,45.422,47.7238333333333,39.9498333333333
"44",24.765,44.689,46.427,45.7541666666667
"45",26.1553333333333,45.5595,46.5586666666667,44.5106666666667
"46",26.0048333333333,46.0586666666667,45.962,38.7113333333333
"47",28.3651666666667,45.0483333333333,45.547,46.8435
"48",30.7091666666667,47.5723333333333,47.0453333333333,49.3913333333333
"49",35.0841666666667,48.7463333333333,50.838,51.7683333333333
"50",37.4853333333333,49.8771666666667,52.9480945755662,53.78
"51",37.3708333333333,50.2101666666667,53.7584411440527,55.3731666666667
"52",39.3961666666667,51.7565,53.5399477688784,57.694
"53",38.9181666666667,51.7616666666667,53.2080590755444,55.1736666666667
"54",40.4578333333333,52.0955,55.6275967645129,54.6445
"55",40.893,51.8986666666667,55.1902148937366,53.9085
"56",37.927,50.2678333333333,56.2296467237664,53.209
"57",32.2591666666667,47.1925,54.3016547165245,34.0245
"58",31.0056666666667,46.8443333333333,50.471578716777,24.6281666666667
"59",30.1108333333333,46.0426666666667,49.150390275566,26.6696666666667
"60",30.0075,46.6741666666667,47.4695505015743,27.336
"61",30.4636666666667,46.0945,48.5133970080255,36.573
"62",29.7561666666667,47.1276666666667,48.6319843666221,48.2298333333333
"63",32.1981666666667,47.4951666666667,46.012358791899,46.0275
"64",30.846,47.7475,46.293052005998,38.3063333333333
"65",31.1923333333333,46.8551666666667,35.2115879399904,39.5541666666667
"66",26.8498333333333,46.0026666666667,38.5544140668472,43.594
"67",24.2168333333333,45.3513333333333,46.9566588634083,16.1288333333333
"68",22.6575,44.7396666666667,42.3435408745564,28.6143333333333
"69",24.2313333333333,43.8895,38.5561599999965,46.0141666666667
"70",28.8433333333333,45.4193333333333,45.902104431751,45.5386666666667
"71",32.3543333333333,44.5251666666667,46.053097000235,48.5593333333333
"72",35.3003333333333,48.1393333333333,47.4734922927541,49.8276666666667
"73",37.61,48.815,50.7690778159722,52.5575
"74",37.7181722965621,51.1633560235226,52.6030837370011,55.3473333333333
"75",37.7979800237608,50.4490919765435,53.347185637451,55.7686666666667
"76",39.5109759371674,52.0354303301485,53.4204922563592,55.9555
"77",40.0384934761737,51.0462849318956,49.9962531516919,56.932
"78",41.2088416430411,51.9864727313303,54.7946360086139,56.3094385573207
"79",40.8361248336868,50.9275486894419,54.2068116974996,53.0548011528831
"80",38.0533374907302,50.489182708271,57.0374347717543,55.1222393807865
"81",32.5540745337377,48.2992087901643,52.0692043129001,46.5554277983142
"82",30.8285352826409,47.9414727555289,50.1660590789545,34.4518464746201
"83",30.5441278794439,46.9947319760222,46.5663058800362,28.5873670715136
"84",30.1963011113107,45.9477933506249,46.4184599002798,24.5847349062492
"85",30.9801654795826,46.6822496631789,47.0723998645329,33.9363597085175
"86",29.5832864131865,46.8465913265955,43.7522994598262,41.975335681303
"87",32.9935119947014,47.0577316878842,47.3856552046188,45.6139748242858
"88",31.721651076277,46.449854334693,39.6517961316433,37.6316216191412
"89",30.9420878112434,46.8581088926267,38.3766861117206,28.1817329654752
"90",27.4925985850985,46.201257332754,48.8703887011603,38.6752227568541
"91",24.4941740556603,44.9069940614365,41.4543116455813,32.2789601018927
"92",24.519458719863,44.9316861276237,34.2435844499008,47.0107133047473
"93",26.0708384553654,44.4925203434587,43.3145560388084,45.7795425878151
"94",28.3670697201269,44.7077858274086,36.6427328811265,41.3686345392865
"95",29.5593775692327,45.1750024859526,44.6698558126998,48.4334712279662
"96",32.3190584112536,47.8138424278691,46.8415559943831,50.343297781398
"97",36.4249067214556,48.9689022694734,51.0094928559882,52.3059490269398
"98",37.9315548253941,51.1414917632056,52.2926610047896,54.5227348031344
"99",39.0485809342797,50.7620803248756,52.5527154645544,55.3809593714167
"100",40.4111091564492,51.3955303107018,50.190319973853,56.7673073710796
"101",41.2300199566659,51.3976361639744,55.0581502496417,55.6736215171333
"102",41.3379347464148,52.0061926420039,53.5620670678014,55.077931843447
"103",41.5860667284888,50.5660989269344,54.790306447874,53.1416634086261
"104",37.825518194412,50.2298415142768,57.7362274675531,53.4662107241673
"105",32.5001498081648,47.4488952143732,50.7284943105823,36.138189082971
"106",32.3372623735588,47.2479507235525,48.26254287273,26.81680677933
"107",30.225181250161,46.3900448900036,45.4117651934132,28.7312621372077
"108",30.7169868266942,46.6096150357211,46.0559786224855,29.1087139805078
"109",30.5748177345436,46.3910017236459,42.4482331777784,30.8611932551505
"110",32.5455100169437,47.2546859824746,47.4782864201064,46.9529251414549
"111",32.105871915382,46.8446302707177,46.8762640176265,43.9984116671013
"112",31.6910264567254,46.7007119133324,38.8419753282354,35.7636319166876
"113",30.4631275011286,46.3574481469574,37.5768575709312,33.0604882565086
"114",23.5618171000752,45.3681508389233,48.4685311626323,42.8174512617681
"115",25.6710496825074,44.9099300484835,38.5240672752854,29.2963713158569
"116",24.3625578749314,44.1151653306666,31.7380585702173,37.9903429600183
"117",24.4605394292324,44.2368897654757,33.9386921078331,45.5843461805497
"118",25.8963742095952,45.2424331893924,41.1477819819977,44.7905382714631
"119",31.4022776040914,45.3835968072127,45.4920442147644,48.8467309224417
"120",32.8202448522775,47.726533952027,47.2592030591551,49.188389561763
"121",35.7187517084536,48.9005557738119,50.8326160563169,52.5377185549384
"122",39.0506987509654,50.5309415679474,51.9530249371684,54.2201865518465
"123",39.9965020692362,51.0749954110214,53.2492461348413,55.0409427589693
"124",41.108013259188,52.1054836768651,50.2598475455058,56.4203496520564
"125",42.2169251615116,50.9777562673256,54.6244782732907,57.2730555539403
"126",41.2604055694171,50.8081664574328,53.4226890665935,54.0843024331256
"127",42.295919900992,51.4111957028209,55.2169977864866,53.4361643828997
"128",37.284606411047,50.1145372882438,55.7539996351983,53.0564344282438
"129",32.5069072017825,46.6827114176483,51.8706474939234,35.2160896308218
"130",31.3971676603927,46.8079776648274,45.9987797200466,26.2237606277608
"131",30.0998070819499,46.9499011560281,46.4244503336198,22.3450188755345
"132",31.0094448850876,46.4303661598328,43.626087643401,25.1417720278067
"133",31.6962167196672,46.0044264976912,39.6203993755797,32.5759224347425
"134",31.7802038430234,46.8104788285597,49.8347356970977,43.9693829948878
"135",32.758005756114,46.7487479411027,48.0946406725519,42.0862054902584
"136",31.5186013887103,46.4510986508918,44.7155842297332,30.3268876666965
"137",28.0086535097362,46.1364758362032,41.8502973112525,40.5608845992604
"138",27.4219771159223,45.08731010913,43.3372532248,39.6532185035099
"139",25.4176129290246,44.519854287399,40.0341359848773,35.5753967050887
"140",21.9912803385229,44.4367660741521,28.2577307782645,42.2075764176593
"141",25.3189029725485,43.7165045063034,31.4716455830782,43.9836551585127
"142",29.0303040845323,44.6059478602147,51.5726991266091,42.0168185416392
"143",31.1500690814691,45.6224582085969,44.3579963336076,48.946567113906
"144",32.2455461931743,47.8188254721229,48.0408365744469,49.0325428871732
"145",36.5099032433428,49.1192569625556,50.0000264378858,52.6066986646302
"146",39.6089471699413,50.8537684330404,52.3953003599939,53.0910728394475
"147",40.2259581130971,51.3202644250987,52.9790686524209,54.5212259975646
"148",41.5886277075236,51.8917789795499,53.6956472456239,56.5667877355789
"149",42.427376867524,50.1603217260302,53.0587896468642,56.1109843381175
"150",42.1827179372974,50.2210827732293,54.5591134150312,52.2586110946833
"151",42.3841822388772,49.9597707512295,55.2401009474289,53.0295673128111
"152",36.7971881737451,48.843556367258,55.9245733391136,53.2909236652176
"153",32.4463249721053,47.6052249196823,50.6592447097046,35.6038188360562
"154",32.1896467062419,47.195928019536,46.719481689863,27.5410948350136
"155",28.9798102752949,47.2507695081639,46.5349979466522,27.1402012731255
"156",32.0890737564128,46.3215206371085,42.4010574506982,27.1373886678664
"157",30.8518494075995,46.4281817491336,44.6803133623891,29.4054228863631
"158",31.7120725378016,45.9278063584723,45.6187723947771,42.5380131160277
"159",31.946005075764,46.2836064522152,48.3224246336618,46.5680196917281
"160",32.4885923872523,45.8484514815567,43.3532970693369,32.3949604822934
"161",27.6066427343935,46.0793100891787,43.3360171852552,37.124351242384
"162",27.8813190238878,44.9171258019652,41.6620075628674,36.6615042475085
"163",26.1352118752051,44.4899241095909,44.3635993002196,34.0192994221048
"164",23.0085525225913,44.166946462279,25.1392672895431,40.2151781321152
"165",26.0876842576123,43.5394901194839,33.0873061753694,43.4785242290729
"166",28.0542725861418,43.9733903545014,45.1964669767566,46.3067574714044
"167",30.3812112674322,46.0327064678465,44.4624743123068,46.6111143260405
"168",31.7571231396546,47.2674690186184,48.0570054854619,49.6898244878771
"169",36.2038333333333,49.3971666666667,50.8946666666667,51.8698333333333
"170",36.8886666666667,51.7711666666667,52.9686666666667,54.0026666666667
"171",37.81,51.0076666666667,53.9376666666667,55.8725
"172",37.6541666666667,50.972,54.3791666666667,56.1631666666667
"173",39.6588333333333,51.3213333333333,52.912,55.6663333333333
"174",37.9436666666667,52.6071666666667,56.1341666666667,56.0875
"175",39.3598333333333,51.6981666666667,56.1196666666667,53.6415
"176",37.37,51.5181666666667,56.7321666666667,55.2096666666667
"177",32.9068333333333,48.8378333333333,53.7811666666667,54.2856666666667
"178",29.6055,48.402,51.3438333333333,49.117
"179",27.7503333333333,46.7046666666667,49.9383333333333,40.2725
"180",29.4461666666667,46.2181666666667,48.3551666666667,29.3256666666667
"181",28.0615,46.605,49.0006666666667,29.0518333333333
"182",28.796,47.1021666666667,49.5238333333333,40.6183333333333
"183",30.4661666666667,47.3745,49.4551666666667,44.4328333333333
"184",30.5543333333333,46.4745,47.0725,38.8808333333333
"185",29.9798333333333,46.4076666666667,47.8845,27.6566666666667
"186",28.0865,45.7773333333333,47.0688333333333,32.5688333333333
"187",24.633,45.422,47.7238333333333,39.9498333333333
"188",24.765,44.689,46.427,45.7541666666667
"189",26.1553333333333,45.5595,46.5586666666667,44.5106666666667
"190",26.0048333333333,46.0586666666667,45.962,38.7113333333333
"191",28.3651666666667,45.0483333333333,45.547,46.8435
"192",30.7091666666667,47.5723333333333,47.0453333333333,49.3913333333333
"193",35.0841666666667,48.7463333333333,50.838,51.7683333333333
"194",37.4853333333333,49.8771666666667,52.2088333333333,53.78
"195",37.3708333333333,50.2101666666667,52.8156666666667,55.3731666666667
"196",39.3961666666667,51.7565,53.1728333333333,57.694
"197",38.9181666666667,51.7616666666667,53.4205,55.1736666666667
"198",40.4578333333333,52.0955,53.8171666666667,54.6445
"199",40.893,51.8986666666667,54.2786666666667,53.9085
"200",37.927,50.2678333333333,58.2251666666667,53.209
"201",32.2591666666667,47.1925,51.5753333333333,34.0245
"202",31.0056666666667,46.8443333333333,50.1298333333333,24.6281666666667
"203",30.1108333333333,46.0426666666667,47.186,26.6696666666667
"204",30.0075,46.6741666666667,47.1453333333333,27.336
"205",30.4636666666667,46.0945,48.414,36.573
"206",29.7561666666667,47.1276666666667,47.4363333333333,48.2298333333333
"207",32.1981666666667,47.4951666666667,45.9718333333333,46.0275
"208",30.846,47.7475,31.9643333333333,38.3063333333333
"209",31.1923333333333,46.8551666666667,24.8755,39.5541666666667
"210",26.8498333333333,46.0026666666667,44.5878333333333,43.594
"211",24.2168333333333,45.3513333333333,37.8793333333333,16.1288333333333
"212",22.6575,44.7396666666667,27.5978333333333,28.6143333333333
"213",24.2313333333333,43.8895,46.7898333333333,46.0141666666667
"214",28.8433333333333,45.4193333333333,45.6393333333333,45.5386666666667
"215",32.3543333333333,44.5251666666667,45.4055,48.5593333333333
"216",35.3003333333333,48.1393333333333,47.641,49.8276666666667
"217",37.61,48.815,50.9138333333333,52.5575
"218",39.332,51.475,52.5125605885528,55.3473333333333
"219",39.9628333333333,51.827,53.2513537711463,55.7686666666667
"220",41.3956666666667,51.8223333333333,53.3572291353554,55.9555
"221",42.4551666666667,49.9993333333333,50.3578143074813,56.932
"222",42.0051666666667,50.7556666666667,54.5012738644773,54.198
"223",42.676,49.894,54.1746161887804,54.08
"224",37.3693333333333,49.9345,57.344684867408,54.1403333333333
"225",32.3825,47.5091666666667,51.7720980250414,34.6206666666667
"226",33.8181666666667,47.2798333333333,50.1726303115734,23.0046666666667
"227",31.2855,47.6943333333333,46.443614503372,21.6588333333333
"228",31.6606666666667,46.7061666666667,46.5104335814796,28.1706666666667
"229",31.0361666666667,46.1853333333333,47.1853271305491,28.9338333333333
"230",34.7895,47.036,43.8848621049809,45.7226666666667
"231",33.053,46.3443333333333,47.092305513771,43.571
"232",32.1621666666667,46.1926666666667,37.9818759751271,28.0811666666667
"233",30.2008333333333,46.9451666666667,36.191404411313,32.2223333333333
"234",23.6768333333333,44.9631666666667,49.4971829029067,38.2496666666667
"235",25.1481666666667,44.2278333333333,40.4849947124199,45.6073333333333
"236",24.4525,43.7631666666667,32.6606361789532,45.5575
"237",26.6388333333333,42.9328333333333,44.5433592221797,44.785
"238",25.662,42.8921666666667,37.2826693843855,44.2928333333333
"239",30.3108333333333,47.2893333333333,44.7297264249413,48.4021666666667
"240",32.0198333333333,47.3635,46.9588626621349,49.4163333333333
"241",35.9918333333333,49.6315,50.9786601215395,52.5031666666667
"242",38.0139168672183,50.7612747118893,52.3352374484964,53.9246666666667
"243",38.9488802462586,50.9777021215083,52.5220094407451,55.0243333333333
"244",40.4523761762653,51.5225000522397,49.398812704262,56.4881666666667
"245",41.0680619782526,51.1731211457921,55.1635366657717,56.5713333333333
"246",41.4033029346404,51.752077906708,53.4482004291668,54.8212869328139
"247",41.5908261321079,50.799132893552,54.7861326911585,53.1376701216886
"248",37.7977431281162,50.6752317514734,57.454408512559,53.9810861718999
"249",32.4448563586729,47.5976310033392,50.8695360313591,37.7011460330132
"250",32.37260267535,47.5117651512346,47.8105863753919,27.7180165205622
"251",30.3194985537044,46.7023007042568,45.4840587734528,28.6590667229724
"252",30.685554131116,46.6968357736102,45.7366011647187,28.4244236438592
"253",30.6553009831597,46.1941702017813,41.4333386816133,30.8710719133651
"254",32.4399357763798,47.2316049177095,48.0451734616412,47.8200225444763
"255",32.2003849657437,46.7722617371248,47.159804784216,43.2141398895071
"256",31.6289674065924,47.028300748612,40.1689152850914,34.7900933134049
"257",30.5359238354436,46.5093995315586,38.8773084721318,32.5124527503057
"258",23.7458971399412,45.5771354902772,47.0172249581595,41.9981523806828
"259",25.5463314307796,44.9855289883198,38.4086029676127,31.6666450291688
"260",24.1856737755416,44.2797771768345,31.7540688880391,38.5862080221526
"261",24.5398141928787,44.1803974088649,31.5673542432123,46.5071105795744
"262",26.2283339356209,44.9636533178648,42.2550920027442,44.1743122423743
"263",31.4809005048524,45.6064071168757,45.3992770086584,48.5278672507656
"264",33.0228827717723,47.6181713656182,47.3415705300415,49.2371715800562
"265",35.8568594920063,49.06782954792,50.8026866388292,52.930175440927
"266",39.0946338805901,50.5980828281897,51.928240800279,54.0947676365403
"267",40.076390252285,51.1504061418985,53.3506470807437,54.858714225434
"268",41.155968415082,51.9677851312405,51.1437692657216,56.4891247417345
"269",42.3822885602358,50.6741121775679,54.253651929562,56.5973916938114
"270",41.3095919408315,50.3936059566096,53.6105649888947,54.084067445476
"271",42.3413878812575,51.1020494550719,55.25176337175,53.7621726547948
"272",37.2477384169225,49.6333578599324,55.611303755651,53.4597267326558
"273",32.5989713495071,46.9783559357849,51.9039120083067,35.2518332903658
"274",31.7346089441947,47.2490812393299,45.9677628780766,26.1937046859018
"275",30.1822864099981,47.1771975861561,46.6603014402897,23.1329390241113
"276",31.1573501225487,46.4436522623805,43.5315370880922,25.3295772739111
"277",31.6869014812513,46.3506845714992,40.2719996320266,32.1416155355307
"278",32.1516356088681,46.5990153516398,49.3192409080316,42.1438596979911
"279",32.724993251898,46.7350496289822,48.1785985936845,43.6038388619248
"280",31.5922971717022,46.5182519554551,44.943150379331,31.3978471079929
"281",27.8699233620643,46.3507697437339,42.0894858638062,38.1752040760028
"282",27.1286162344268,45.3235063737961,43.7519559543771,39.349998482399
"283",25.5024017096229,44.467202105752,40.8545392567624,35.5338814880529
"284",22.0923674107763,44.3225242854198,26.9572777146154,43.0894213144387
"285",25.3704500305902,43.7274721450871,31.7036816356248,42.5440502530041
"286",28.6946358395149,44.6423663722195,51.2549885451167,42.9850104094337
"287",31.1022016022765,45.7164068703969,44.1945357262137,49.6626247999035
"288",32.1140802244799,47.6872738422625,48.0393168075627,46.8992587165989
"289",36.5085595016536,49.1734644921823,49.9494546328696,52.0578084844972
"290",39.6628942450106,50.8671150012239,52.5260086476563,54.0648027968679
"291",40.3015581217714,51.5024825378202,52.8128376907724,54.6898520303566
"292",41.5667282169701,51.9735486289322,53.6769910586384,56.7235056044259
"293",42.5227881501958,50.2137780353891,52.9781336335985,55.8381724915892
"294",42.1152750786934,50.555364435128,54.6135594626823,52.2712488045988
"295",42.2884755110882,50.1822271531162,55.1275712656103,52.8896845559468
"296",36.8014876409593,48.6699065818761,56.1102907506763,52.5741458094183
"297",32.4814533423228,47.5803108523259,50.5873520155924,35.2015798840375
"298",32.1131675901022,47.0766083654246,46.6900650749343,26.7350019176296
"299",29.0800871469564,47.2532625630766,46.3352554749065,26.101994991616
"300",32.1371360410842,46.2768704834871,42.2596396047462,27.9392775446989
"301",31.0356479485291,46.7064460620406,45.1507387264795,29.9571641821474
"302",31.5991536028716,45.7810090035186,45.5247867107767,44.000393423871
"303",32.1446113250839,46.3390097157569,48.1784283475867,45.4152824866895
"304",32.4280558437449,45.8230375711865,42.809217217305,31.7621324041977
"305",27.1809726722563,45.9507116945751,43.0839197515216,37.189581967705
"306",28.2401510490054,45.2019452998103,41.6531122141961,37.0210749736827
"307",25.9778980355299,44.5890541000459,44.694850014792,35.4538867574409
"308",22.6605035978545,43.9503514646028,26.8936291956435,39.1566536475032
"309",25.9153325652846,43.6745551759356,34.2347897175727,41.2782341135754
"310",28.3991144662541,44.5221603430772,44.4911148492663,46.2627555620479
"311",30.3786456543548,45.9193895959369,44.6158357978874,47.5147068378037
"312",31.6527622345583,47.493164997417,47.8459388571994,50.2044029636617
"313",36.7046739038236,48.9667473269265,50.3247622649073,52.1156443369153
"314",39.5756466077432,50.7026448205548,52.8432034306144,52.2988703184334
"315",40.3687451909856,51.5982857415156,52.1984198261173,55.1762044780816
"316",41.7665297302472,51.9529268570962,53.786555585207,55.6282275635124
"317",42.7360009727674,50.1656893058419,52.9993974960523,55.2966815132437
"318",42.6167219509186,50.5187668260236,55.2150326766898,52.964245839139
"319",42.0857602409494,50.3199180234359,54.4453171437922,53.4365694217703
"320",37.7331973470163,48.5533495557844,55.6730152860589,51.9719746074621
"321",31.1363701471341,47.1863359573805,52.4493408198976,37.1869028454043
"322",30.4997639843673,47.0856225816065,45.6059878650451,25.8320315954772
"323",30.3942196787948,47.1789253456634,44.6465599770626,25.5833549908868
"324",31.271846740487,45.6637274944444,43.0022821978091,24.6461639185217
"325",30.4750026578766,47.2190398228282,41.8551456878021,27.0097153818429
"326",30.7056785220022,45.079630114731,46.3361592403333,42.0196076709662
"327",33.5704657069104,46.7679834037959,45.5212845908686,42.3202681397389
"328",31.422569744152,45.1812005376458,38.8424631953247,29.6379342113979
"329",29.0173967059914,45.778554617717,38.7708890573765,30.7715898681967
"330",28.9931701119153,45.483974499922,45.1804102130407,29.4745995950551
"331",24.9804820054167,45.0161580270636,40.1731287077673,35.722575303646
"332",22.547134221583,43.2626354371488,25.0464537174755,34.5678067324377
"333",24.9541896156349,43.8038862776953,30.1800120417491,39.4051381173188
"334",27.1740959578499,44.9881926193938,42.4983055186069,48.3196078663379
"335",29.3264447715753,45.4152523590465,45.7063391102984,45.563312364851
"336",30.9824140533759,47.2782488866196,47.4995990356916,49.8761755372593
"337",35.0841666666667,48.7463333333333,50.838,51.7683333333333
"338",37.4853333333333,49.8771666666667,52.2088333333333,53.78
"339",37.3708333333333,50.2101666666667,52.8156666666667,55.3731666666667
"340",39.3961666666667,51.7565,53.1728333333333,57.694
"341",38.9181666666667,51.7616666666667,53.4205,55.1736666666667
"342",40.4578333333333,52.0955,53.8171666666667,54.6445
"343",40.893,51.8986666666667,54.2786666666667,53.9085
"344",37.927,50.2678333333333,58.2251666666667,53.209
"345",32.2591666666667,47.1925,51.5753333333333,34.0245
"346",31.0056666666667,46.8443333333333,50.1298333333333,24.6281666666667
"347",30.1108333333333,46.0426666666667,47.186,26.6696666666667
"348",30.0075,46.6741666666667,47.1453333333333,27.336
"349",30.4636666666667,46.0945,48.414,36.573
"350",29.7561666666667,47.1276666666667,47.4363333333333,48.2298333333333
"351",32.1981666666667,47.4951666666667,45.9718333333333,46.0275
"352",30.846,47.7475,31.9643333333333,38.3063333333333
"353",31.1923333333333,46.8551666666667,24.8755,39.5541666666667
"354",26.8498333333333,46.0026666666667,44.5878333333333,43.594
"355",24.2168333333333,45.3513333333333,37.8793333333333,16.1288333333333
"356",22.6575,44.7396666666667,27.5978333333333,28.6143333333333
"357",24.2313333333333,43.8895,46.7898333333333,46.0141666666667
"358",28.8433333333333,45.4193333333333,45.6393333333333,45.5386666666667
"359",32.3543333333333,44.5251666666667,45.4055,48.5593333333333
"360",35.3003333333333,48.1393333333333,47.641,49.8276666666667
"361",37.61,48.815,50.9138333333333,52.5575
"362",39.332,51.475,52.54,55.3473333333333
"363",39.9628333333333,51.827,52.6028333333333,55.7686666666667
"364",41.3956666666667,51.8223333333333,46.7198333333333,55.9555
"365",42.4551666666667,49.9993333333333,52.819,56.932
"366",42.0051666666667,50.7556666666667,52.7908333333333,54.198
"367",42.676,49.894,54.1705,54.08
"368",37.3693333333333,49.9345,56.1888333333333,54.1403333333333
"369",32.3825,47.5091666666667,51.4165,34.6206666666667
"370",33.8181666666667,47.2798333333333,46.3555,23.0046666666667
"371",31.2855,47.6943333333333,45.6065,21.6588333333333
"372",31.6606666666667,46.7061666666667,44.1235,28.1706666666667
"373",31.0361666666667,46.1853333333333,38.2561666666667,28.9338333333333
"374",34.7895,47.036,47.807,45.7226666666667
"375",33.053,46.3443333333333,48.2988333333333,43.571
"376",32.1621666666667,46.1926666666667,44.295,28.0811666666667
"377",30.2008333333333,46.9451666666667,42.9611666666667,32.2223333333333
"378",23.6768333333333,44.9631666666667,43.0255,38.2496666666667
"379",25.1481666666667,44.2278333333333,36.9656666666667,45.6073333333333
"380",24.4525,43.7631666666667,29.3715,45.5575
"381",26.6388333333333,42.9328333333333,26.3635,44.785
"382",25.662,42.8921666666667,44.0113333333333,44.2928333333333
"383",30.3108333333333,47.2893333333333,44.3491666666667,48.4021666666667
"384",32.0198333333333,47.3635,47.6436666666667,49.4163333333333
"385",35.9918333333333,49.6315,50.6881666666667,52.5031666666667
"386",39.3808333333333,50.357,52.3140770761471,53.9246666666667
"387",40.7366666666667,51.0803333333333,52.5441397470382,55.0243333333333
"388",41.4046666666667,52.171,49.8329821369171,56.4881666666667
"389",43.715,50.5195,55.0432296400355,56.5713333333333
"390",41.5571666666667,48.1281666666667,53.503571700545,53.2836666666667
"391",42.1635,50.3816666666667,54.7704309115865,53.0413333333333
"392",37.474,49.1238333333333,57.5948104467938,53.4626666666667
"393",34.1728333333333,47.158,50.8156219053244,36.7131666666667
"394",32.8186666666667,47.17,48.0623357592865,31.6516666666667
"395",30.3958333333333,47.8231666666667,45.4756888895104,30.1443333333333
"396",32.4133333333333,46.3835,45.9015925572279,24.3503333333333
"397",32.727,47.0131666666667,42.0288314687979,33.0011666666667
"398",31.8666666666667,44.9938333333333,47.7343558325546,44.4548333333333
"399",33.1523333333333,47.1625,47.0097464903234,45.822
"400",31.5656666666667,45.7413333333333,39.4048544428785,30.223
"401",23.3293333333333,45.6155,38.0324227449119,38.7561666666667
"402",28.6883333333333,45.0561666666667,47.6760775328995,42.233
"403",25.5943333333333,43.6828333333333,38.4379165829346,32.0311666666667
"404",19.7296666666667,44.0628333333333,31.6408728288531,38.213
"405",23.7566666666667,44.8978333333333,32.9759124038561,46.22
"406",30.1866666666667,45.8276666666667,41.75701122534,45.5363333333333
"407",31.359,45.0426666666667,45.4315406904789,47.48
"408",31.198,47.6,47.3079840124062,49.3376666666667
"409",36.9495,49.0406666666667,50.8183845824881,51.5133333333333
"410",39.1845057047469,50.6407464670696,51.9528312955717,53.418
"411",40.285114920237,51.2124655889615,53.2859156288883,55.458
"412",41.2947385796983,51.9497940501347,50.6564920218853,57.6213333333333
"413",42.4653119412167,50.6283601558824,54.416240160077,57.3365
"414",41.2461111259481,50.5263342303108,53.5135305287075,54.3949713409133
"415",42.5247690211969,51.2161272775241,55.2189687615856,53.7776262244233
"416",37.0757708048835,49.5015965263713,55.6935506879763,53.2551484524071
"417",32.2388711579457,46.9745316958621,51.8740981718012,34.787208759847
"418",31.1241900463679,47.3325704847463,45.9916934822805,24.932354027592
"419",29.9213265421797,47.1078366041785,46.5308600772107,22.1885801904451
"420",30.8552825533321,46.4381463807818,43.5957798770665,26.7845163027675
"421",31.7011499014143,46.3068155242905,39.9390788454026,31.8997721967577
"422",32.043369679802,46.7626507115686,49.5285972473235,43.0882311461878
"423",32.6177580275887,46.5325776789487,48.1411765585214,43.8485984788817
"424",31.5920619653381,46.6440791139648,44.8295850981334,31.7344591429961
"425",28.2519991599292,46.267157663418,42.0155667150299,38.202315227826
"426",27.3529828186549,45.4071668964394,43.5620222058347,39.2451162998219
"427",25.7372321559583,44.4461827868224,40.4200003622527,36.6649934223975
"428",22.2254018539335,44.3969381190169,27.6174975512167,42.3490451651722
"429",25.7023543912893,43.5333571247145,31.4412950837728,41.1425408121179
"430",28.8489681305117,44.6188854163367,51.2246841709046,43.8742741333041
"431",31.0346259342581,45.7704520521118,44.2799575448864,49.5728379946226
"432",31.962159238278,47.6882469734763,48.0286440003833,46.3686370347481
"433",36.3128864445358,49.1891809309923,49.989806792632,54.1648998330527
"434",39.5762300530344,50.7890262226734,52.4542922859024,53.4253117312899
"435",40.2103708921748,51.4843497666618,52.9028293563509,54.7607900663335
"436",41.5816193649933,52.0251504215765,53.6929369890243,56.5018815730745
"437",42.5328708466408,50.1635090223264,53.0276413749176,55.6263169451992
"438",42.1116420776558,50.355502294943,54.5833770872334,52.5246624819395
"439",42.6398687834703,50.1088393645424,55.184101044534,53.5182712713736
"440",36.896824311118,48.8183938635581,56.0106697296494,52.5414473396502
"441",32.9405546148419,47.6418136850753,50.6493121921328,35.9601617541859
"442",31.9888092580458,46.9056251172243,46.6845431678461,28.2678722575528
"443",28.5026578562465,47.4632692791142,46.447150794513,26.6025664901948
"444",32.2294261073054,46.2100940167022,42.3516581005124,27.3159259565361
"445",30.7007739000892,46.7066055592102,44.8817154460864,29.8468904755402
"446",31.079015659999,45.7942634052988,45.6171325423031,44.0728123835742
"447",31.5891951886217,46.341006418459,48.2467809368634,45.0167255083717
"448",32.4646181502006,45.9394379700306,43.1172440406554,30.0318626431467
"449",26.9477484001696,45.8045830745112,43.2022664549435,38.5437440025155
"450",28.8441540170139,45.2968411177763,41.7512663623822,36.1719370106298
"451",26.3210584841288,44.4785412484024,44.5320421950829,35.9051766366459
"452",22.6463604221257,44.003948785629,26.0449358139766,40.2605466957628
"453",26.2485518028276,43.597833055572,33.6522508774052,42.2045276266076
"454",28.5628776307466,44.6332127656707,44.9047138722883,47.3340308803111
"455",30.2878084582909,45.807828817528,44.5313958132608,47.0581429036209
"456",31.7498929531621,47.5467494452169,47.9389803717392,49.9396341337178
"457",36.8329964857073,48.9398701768793,50.2877563219851,51.870891921817
"458",39.5498685268527,50.8211018372507,52.8625503063193,52.462851958596
"459",40.239148676425,51.5225306467877,52.1819421469817,55.5231563211716
"460",41.902436832462,52.0725750049108,53.7894901339763,55.5921871616613
"461",42.8466794978125,50.0543374445652,52.9671965983566,55.9147837833241
"462",42.3968738229058,50.8422529296513,55.2031261861236,52.7390183712273
"463",42.2753606212765,50.2358448732599,54.4490639531888,54.0542971419589
"464",37.7955177172897,48.3900550800541,55.8187377646906,51.5138616754905
"465",31.0801254956236,47.3399652364946,52.2719042683549,37.5869614234835
"466",30.4771972829453,47.0053244539797,45.6503082835396,24.1275538037465
"467",30.5528145741452,47.269308633859,44.637890310913,25.7146853405305
"468",31.376696848522,45.5160122013479,42.9092316935333,24.9334826821103
"469",30.6385222619811,47.4134394208004,42.1716446032464,26.837782837434
"470",30.6794807663608,44.9648483682463,46.1353714790962,42.0165510479602
"471",33.8095368894518,46.872981461899,45.5032696994586,42.6887250025914
"472",31.2049537254709,45.0626580038132,38.5218151379984,30.2631114637778
"473",29.0601173530658,45.8791240761968,39.2045346571965,32.384460539678
"474",29.2846711647841,45.3261467599127,45.0658260331167,28.9890957419405
"475",24.6771976410638,45.1783493714269,40.8477057835089,38.5379930877917
"476",22.0778262476257,43.13900551576,25.4334331461034,34.9951460671327
"477",24.5259802854872,43.9566545524886,30.3557958104006,41.0177166094186
"478",26.5687597971802,44.9925949285836,42.2194373945751,49.5498147620998
"479",28.3884976837066,45.4271715602695,45.6272096401217,43.9126029469514
"480",30.4947192145303,47.2451816533493,47.4957140899677,51.9712288417491
"481",36.6488962940722,48.8508477890342,50.0068602584364,50.3466340664139
"482",38.9330851382817,50.8855274126446,52.1033747488409,51.9700794437762
"483",40.6250622243846,51.8603944175822,53.0854357205708,54.0395333877825
"484",42.009701796357,51.4634156050788,53.7091827524416,54.9619875711536
"485",42.1580293382256,50.2202100910055,53.6907146973243,54.4853985938618
"486",43.8428329914108,51.3375066883305,55.0315863580169,54.6257647099766
"487",41.2311521088547,49.8417629888754,55.4304750241761,52.7857251072036
"488",38.3557053262128,49.2474723542498,55.6353230128206,52.9745268207737
"489",31.7158599911849,47.291302102078,52.2356405452853,36.8933153100657
"490",31.9878467756363,47.380269459199,45.1498001774369,34.462744903698
"491",30.5458261851897,46.4211671916516,48.010043765092,29.4438928252536
"492",31.641361248094,45.9580246965027,41.1742143960803,21.8513791727711
"493",29.2876255107985,46.9650589848706,41.4742509006072,35.3740908762186
"494",31.6166974603036,45.3604152283793,36.3229151859441,38.2866905930834
"495",32.97057169275,46.7371129743558,42.4037240204002,34.4232925959309
"496",31.7322258521928,44.9998448192279,48.0619410023783,34.7548121295577
"497",29.8795748675742,45.6641981850226,40.0828502547199,25.5803196209947
"498",27.51239806402,45.983838695504,44.8130698604149,34.8069055438208
"499",24.2754657048067,44.9616787617368,29.9654722702181,34.9865105882793
"500",22.7350863120343,42.8384511922247,24.1741038392546,39.4237519648257
"501",25.0584455727101,43.7280467133267,42.5319572217538,44.2002347201929
"502",26.61088041171,44.3883056380091,52.3396452524222,44.8706871795437
"503",30.9864184062953,45.4203403219098,46.3990198956522,49.8681074989333
"504",31.2954103385944,47.1871198918669,46.5818946753121,49.079947224452
"505",37.61,48.815,50.9138333333333,52.5575
"506",39.332,51.475,52.54,55.3473333333333
"507",39.9628333333333,51.827,52.6028333333333,55.7686666666667
"508",41.3956666666667,51.8223333333333,46.7198333333333,55.9555
"509",42.4551666666667,49.9993333333333,52.819,56.932
"510",42.0051666666667,50.7556666666667,52.7908333333333,54.198
"511",42.676,49.894,54.1705,54.08
"512",37.3693333333333,49.9345,56.1888333333333,54.1403333333333
"513",32.3825,47.5091666666667,51.4165,34.6206666666667
"514",33.8181666666667,47.2798333333333,46.3555,23.0046666666667
"515",31.2855,47.6943333333333,45.6065,21.6588333333333
"516",31.6606666666667,46.7061666666667,44.1235,28.1706666666667
"517",31.0361666666667,46.1853333333333,38.2561666666667,28.9338333333333
"518",34.7895,47.036,47.807,45.7226666666667
"519",33.053,46.3443333333333,48.2988333333333,43.571
"520",32.1621666666667,46.1926666666667,44.295,28.0811666666667
"521",30.2008333333333,46.9451666666667,42.9611666666667,32.2223333333333
"522",23.6768333333333,44.9631666666667,43.0255,38.2496666666667
"523",25.1481666666667,44.2278333333333,36.9656666666667,45.6073333333333
"524",24.4525,43.7631666666667,29.3715,45.5575
"525",26.6388333333333,42.9328333333333,26.3635,44.785
"526",25.662,42.8921666666667,44.0113333333333,44.2928333333333
"527",30.3108333333333,47.2893333333333,44.3491666666667,48.4021666666667
"528",32.0198333333333,47.3635,47.6436666666667,49.4163333333333
"529",35.9918333333333,49.6315,50.6881666666667,52.5031666666667
"530",39.3808333333333,50.357,52.0348333333333,53.9246666666667
"531",40.7366666666667,51.0803333333333,53.3865,55.0243333333333
"532",41.4046666666667,52.171,54.198,56.4881666666667
"533",43.715,50.5195,53.7085,56.5713333333333
"534",41.5571666666667,48.1281666666667,54.5516666666667,53.2836666666667
"535",42.1635,50.3816666666667,55.4413333333333,53.0413333333333
"536",37.474,49.1238333333333,55.488,53.4626666666667
"537",34.1728333333333,47.158,51.6191666666667,36.7131666666667
"538",32.8186666666667,47.17,46.0556666666667,31.6516666666667
"539",30.3958333333333,47.8231666666667,47.381,30.1443333333333
"540",32.4133333333333,46.3835,43.8546666666667,24.3503333333333
"541",32.727,47.0131666666667,42.9111666666667,33.0011666666667
"542",31.8666666666667,44.9938333333333,47.0006666666667,44.4548333333333
"543",33.1523333333333,47.1625,48.4746666666667,45.822
"544",31.5656666666667,45.7413333333333,45.9795,30.223
"545",23.3293333333333,45.6155,44.4698333333333,38.7561666666667
"546",28.6883333333333,45.0561666666667,46.2553333333333,42.233
"547",25.5943333333333,43.6828333333333,44.5945,32.0311666666667
"548",19.7296666666667,44.0628333333333,23.0851666666667,38.213
"549",23.7566666666667,44.8978333333333,28.2548333333333,46.22
"550",30.1866666666667,45.8276666666667,46.1961666666667,45.5363333333333
"551",31.359,45.0426666666667,44.017,47.48
"552",31.198,47.6,47.7173333333333,49.3376666666667
"553",36.9495,49.0406666666667,50.0676666666667,51.5133333333333
"554",40.3135,51.184,51.9199159194986,53.418
"555",40.5033333333333,51.8453333333333,53.3326136264493,55.458
"556",41.7193333333333,51.6423333333333,50.8486886335172,57.6213333333333
"557",41.6896666666667,50.337,54.4187782523605,57.3365
"558",42.5453333333333,53.3851666666667,53.5352489370053,53.6946666666667
"559",40.9703333333333,50.8343333333333,55.2561941096649,52.225
"560",35.6813333333333,46.7371666666667,55.6488689270911,53.1165
"561",29.673,47.2658333333333,51.9132236869655,34.9786666666667
"562",31.1703333333333,47.562,45.966609734656,20.523
"563",29.0871666666667,45.9641666666667,46.582267465847,20.7788333333333
"564",31.7873333333333,45.648,43.5381027909346,28.6713333333333
"565",31.0278333333333,47.3,40.0156768810717,28.5221666666667
"566",31.7338333333333,45.1726666666667,49.5932231991499,40.1255
"567",32.9008333333333,45.7098333333333,48.1393732941583,44.9373333333333
"568",33.026,45.0903333333333,44.8485115919375,40.085
"569",29.3141666666667,45.8266666666667,41.9135654110532,36.8323333333333
"570",27.956,45.521,43.5488795848782,36.4583333333333
"571",25.5171666666667,45.6655,40.5447885855842,39.3338333333333
"572",23.9335,43.8755,27.4530782405669,37.8475
"573",25.9258333333333,43.7391666666667,31.858921212847,38.4008333333333
"574",27.8505,44.8351666666667,51.6783480644252,45.4588333333333
"575",30.0778333333333,45.7201666666667,44.2491374244011,47.4058333333333
"576",31.445,47.59,48.0590319771299,50.0178333333333
"577",36.4045,48.3276666666667,49.9462809905056,51.7173333333333
"578",39.6601010633125,50.27445196189,52.4841672679894,52.175
"579",40.237686754703,51.0032184767496,52.8679463974404,54.409
"580",41.5912125147971,51.3041894648951,53.6773502816117,55.0946666666667
"581",42.4277997256983,49.7944109501557,52.9989811977531,53.9188333333333
"582",42.1949496244221,50.3061559091972,54.5990426078851,52.4252145409804
"583",42.3607561380308,50.174722240042,55.1734386244494,53.0188552724927
"584",36.7773067673983,48.4162226431713,56.0469744397562,52.6475511298289
"585",32.5019940959695,46.9190823305633,50.5723727877907,35.4317829843996
"586",32.0459879929037,47.0903784934847,46.7358471553824,26.0502244800888
"587",28.7867738972583,46.9877719676539,46.3987025600333,25.905835047533
"588",32.1799875114309,46.053640904756,42.2895477250186,28.7603819375006
"589",30.8243034808554,46.8105013309182,45.0169629361603,28.8594590407171
"590",31.3664003977889,45.6110403984127,45.4820519389506,44.0110508479642
"591",31.9006853467464,46.445251769176,48.2443064454428,44.746579214392
"592",32.51846255005,45.6064818760164,42.9798970438076,32.6161959939204
"593",27.3029602335869,46.140286602294,43.215712241453,36.863643512689
"594",28.4184569935203,45.2783112812171,41.5206183422082,35.9192492055505
"595",26.1252289952326,44.4780626127651,44.564709283714,36.7335239336581
"596",22.8310349718001,43.7652257078228,26.1231877412529,39.2242529941946
"597",26.0857300947373,43.9708578831138,33.7371853050975,41.6164796298078
"598",28.3567843273681,44.8039302490201,44.6432431080945,47.0347491405544
"599",30.3105524608182,46.214586497345,44.5670433566923,46.8691551063968
"600",31.722412198927,47.8299760654274,47.9495546112918,50.4953476406845
"601",36.7391748832547,49.3196206943167,50.3125682604294,51.6857803674446
"602",39.5243375726352,50.8556883832676,52.8637112439654,52.34537952456
"603",40.3293451538676,51.8818710707395,52.1680489613891,55.2586892076045
"604",41.8169563126141,51.8530933728147,53.8053139893183,55.204173191877
"605",42.8193370418946,50.3573077695178,52.9816357423245,55.3877633250951
"606",42.587536902037,50.4042157205156,55.235997459817,52.8645534522836
"607",42.1938464554647,50.274861504548,54.4287051051737,54.0176456968508
"608",37.9003896419533,48.9823544997375,55.7819619813302,51.8295135072786
"609",31.0834912546377,46.9559093397076,52.3659431760246,37.7384468005329
"610",30.3537384160296,47.1176926796435,45.601113600145,25.7861925299094
"611",30.5819574714566,46.8545839120354,44.5634057541019,26.3930717678653
"612",31.1969037232251,45.6971448295566,42.9765793630531,23.6541981707297
"613",30.4344151868324,46.9006363568037,41.9252396587733,27.1470336007857
"614",30.6312775516769,44.839369368928,46.1415116471324,41.9294239438633
"615",33.7403782293738,46.1879956859639,45.3545022550307,42.4927296510365
"616",31.2277161904929,44.7966370651777,38.3084570722174,29.0476787846304
"617",29.2204265494892,45.3671423455557,39.0836018444207,30.5949915389891
"618",29.1109289937868,45.4024713897651,45.2780445495199,28.456190991375
"619",24.822308864313,44.6318546713552,40.6156253287123,37.6707126432047
"620",22.4085085749582,43.251634302825,24.9737202814439,35.808471368848
"621",24.7836587347481,43.7451662329152,29.789022721947,41.4217407719766
"622",26.8518879807136,44.7001160510947,42.0956619900211,47.6539083285107
"623",28.9700693511455,45.3325796513814,45.6573097705212,44.8234931057368
"624",30.7972146331913,47.4083030621588,47.5173886355054,51.1245156831005
"625",36.5821480784017,49.0661112996843,49.9780539700903,50.3628775802035
"626",38.9924192501219,50.6579073778814,52.0680911144724,52.1624824693299
"627",40.742776544222,52.2434653475892,53.127729484368,53.6117426183556
"628",41.9817763863981,51.8187987285797,53.7117995920112,55.1051596964248
"629",42.0499847013007,50.683135543201,53.71985322045,54.4841794909671
"630",43.8253310070128,51.090855796087,55.0308052979672,55.0749132829184
"631",41.4027147109124,49.7504572023978,55.4812409400458,52.3303029958334
"632",38.0538724404664,49.1295559726359,55.6863984140745,53.2560048674955
"633",31.5317397774935,46.5503245904057,52.1898987454469,36.0679409428407
"634",31.8305995028204,46.9369614564646,45.1339775934227,34.0349595195963
"635",30.429516508639,46.3088038831661,48.1965770027466,29.6000274007475
"636",31.6277225434456,45.4766354421354,41.0623073081121,21.9664792330222
"637",29.4202979581954,47.0224006540587,41.518717128795,34.1363537493196
"638",31.6380384214627,45.5621264491612,35.5958433662223,39.5081759103544
"639",32.7553100667312,46.4369006335845,42.2128000204577,33.4176132450533
"640",31.9430134094101,44.8824314937255,48.415110500433,31.8732475673639
"641",29.9118321500616,45.2919264624238,40.2759876769601,24.5749169324344
"642",27.4785751466659,45.8007023574089,44.8266487037491,36.5216563366831
"643",24.2316773942806,44.6802824565566,29.5908697582028,34.2220268953285
"644",22.586267486869,42.6753510947356,24.3005369648383,37.7349903773445
"645",24.7283743118668,43.4217391846047,43.345650823988,44.6306337930108
"646",26.234924496296,44.3412675037697,52.85964991654,44.9133856052244
"647",30.6280977319467,44.9143344321608,46.4123676642504,49.8125448041233
"648",31.4992939978571,46.678872521022,46.5290479586293,48.7772989734305
"649",35.1591069754827,48.992276326393,49.8985184535448,50.0685674072392
"650",38.8410426035561,50.1790951702977,52.7558144963783,52.1018975942855
"651",41.4161893273273,51.6272619870203,53.1347908779263,53.4583465956953
"652",41.9439663277633,51.33754754593,53.6710166165387,55.5458886033835
"653",42.3634415749995,51.1285967117587,54.2993684067972,54.1544688562774
"654",43.1095925869086,50.6592575735441,55.1362182738503,55.885854835043
"655",43.7316785588036,49.4140778576871,55.7846825915259,51.4374960776304
"656",38.3737380452663,50.164151357642,55.7463603006501,53.9479079715049
"657",32.7467369650705,47.2290323199923,52.6353869823308,42.0298325750191
"658",31.0977146729592,46.7426248889618,46.9265433965227,39.8991009873783
"659",31.3794697936052,46.5684093532871,47.3832202093628,27.3152364266364
"660",30.3380429798345,45.5069469679614,41.4286784907335,24.890242889007
"661",29.2847994348258,46.5050316407978,32.4866513576299,34.1124568353122
"662",31.0751948916107,45.8199370986724,52.1833737118968,35.3474830067903
"663",32.1915319375048,46.8166771848618,44.6088206660109,41.008622293919
"664",31.7845242165089,45.0614384457186,47.4947385635686,28.7121991502162
"665",30.3058686170318,45.3819795267546,41.8827050789566,26.2627391400339
"666",27.5345812922136,45.9487826116146,37.5928737290577,31.7006806182955
"667",24.8589700743649,44.5618528391911,36.2342180815849,39.8373907119493
"668",23.9538914273078,42.9885479933434,35.2469204833407,37.034368093598
"669",25.1047693444188,43.7565761809558,45.5626503890631,45.0128791106709
"670",26.4851165311717,44.6544080773629,49.0813790878798,44.9240074114241
"671",29.0630877203549,45.5058322335379,45.5350276508005,43.8053222088741
"672",30.3774773170746,46.9948164693994,45.6386312103839,49.3351056626836
"673",35.9918333333333,49.6315,50.6881666666667,52.5031666666667
"674",39.3808333333333,50.357,52.0348333333333,53.9246666666667
"675",40.7366666666667,51.0803333333333,53.3865,55.0243333333333
"676",41.4046666666667,52.171,54.198,56.4881666666667
"677",43.715,50.5195,53.7085,56.5713333333333
"678",41.5571666666667,48.1281666666667,54.5516666666667,53.2836666666667
"679",42.1635,50.3816666666667,55.4413333333333,53.0413333333333
"680",37.474,49.1238333333333,55.488,53.4626666666667
"681",34.1728333333333,47.158,51.6191666666667,36.7131666666667
"682",32.8186666666667,47.17,46.0556666666667,31.6516666666667
"683",30.3958333333333,47.8231666666667,47.381,30.1443333333333
"684",32.4133333333333,46.3835,43.8546666666667,24.3503333333333
"685",32.727,47.0131666666667,42.9111666666667,33.0011666666667
"686",31.8666666666667,44.9938333333333,47.0006666666667,44.4548333333333
"687",33.1523333333333,47.1625,48.4746666666667,45.822
"688",31.5656666666667,45.7413333333333,45.9795,30.223
"689",23.3293333333333,45.6155,44.4698333333333,38.7561666666667
"690",28.6883333333333,45.0561666666667,46.2553333333333,42.233
"691",25.5943333333333,43.6828333333333,44.5945,32.0311666666667
"692",19.7296666666667,44.0628333333333,23.0851666666667,38.213
"693",23.7566666666667,44.8978333333333,28.2548333333333,46.22
"694",30.1866666666667,45.8276666666667,46.1961666666667,45.5363333333333
"695",31.359,45.0426666666667,44.017,47.48
"696",31.198,47.6,47.7173333333333,49.3376666666667
"697",36.9495,49.0406666666667,50.0676666666667,51.5133333333333
"698",40.3135,51.184,52.8306666666667,53.418
"699",40.5033333333333,51.8453333333333,52.4006666666667,55.458
"700",41.7193333333333,51.6423333333333,53.5311666666667,57.6213333333333
"701",41.6896666666667,50.337,52.6831666666667,57.3365
"702",42.5453333333333,53.3851666666667,54.5731666666667,53.6946666666667
"703",40.9703333333333,50.8343333333333,54.6458333333333,52.225
"704",35.6813333333333,46.7371666666667,56.6101666666667,53.1165
"705",29.673,47.2658333333333,51.0673333333333,34.9786666666667
"706",31.1703333333333,47.562,46.011,20.523
"707",29.0871666666667,45.9641666666667,45.7111666666667,20.7788333333333
"708",31.7873333333333,45.648,41.7496666666667,28.6713333333333
"709",31.0278333333333,47.3,46.0395,28.5221666666667
"710",31.7338333333333,45.1726666666667,46.7441666666667,40.1255
"711",32.9008333333333,45.7098333333333,47.4168333333333,44.9373333333333
"712",33.026,45.0903333333333,40.9826666666667,40.085
"713",29.3141666666667,45.8266666666667,40.7695,36.8323333333333
"714",27.956,45.521,42.8533333333333,36.4583333333333
"715",25.5171666666667,45.6655,45.4908333333333,39.3338333333333
"716",23.9335,43.8755,35.3631666666667,37.8475
"717",25.9258333333333,43.7391666666667,41.6341666666667,38.4008333333333
"718",27.8505,44.8351666666667,45.52,45.4588333333333
"719",30.0778333333333,45.7201666666667,44.9778333333333,47.4058333333333
"720",31.445,47.59,46.856,50.0178333333333
"721",36.4045,48.3276666666667,50.2718333333333,51.7173333333333
"722",39.246,50.1841666666667,52.3840747666742,52.175
"723",40.5496666666667,51.9433333333333,53.0031554964468,54.409
"724",41.4868333333333,51.5646666666667,53.6532460737221,55.0946666666667
"725",42.62,49.9306666666667,53.0253498306396,53.9188333333333
"726",43.9231666666667,49.2065,54.5584784463091,53.3363333333333
"727",42.2226666666667,49.652,55.2929377083851,52.716
"728",39.0855,50.7363333333333,55.8900372027802,52.8438333333333
"729",30.9845,46.4023333333333,50.4818227403604,37.6021666666667
"730",28.952,46.6451666666667,46.8985332361199,29.6675
"731",30.657,47.3673333333333,46.5355394095787,28.2246666666667
"732",30.015,45.3888333333333,42.3012748028301,23.8616666666667
"733",28.3863333333333,46.841,44.7278820213657,29.2686666666667
"734",29.42,45.0163333333333,45.291765990355,45.0246666666667
"735",33.3295,46.9961666666667,48.4228217663295,43.1276666666667
"736",31.002,44.864,43.3305035293305,32.51
"737",31.317,45.8065,43.5315938747867,31.5591666666667
"738",29.0215,46.3298333333333,40.9161870704671,33.9326666666667
"739",25.3968333333333,45.2631666666667,44.1856902629828,37.736
"740",24.5521666666667,42.324,24.0493426894244,39.7316666666667
"741",26.4551666666667,42.8011666666667,32.5726857819715,45.5155
"742",27.4761666666667,43.8951666666667,45.0219078181498,44.962
"743",31.0891666666667,45.5448333333333,44.4515789847847,47.3545
"744",32.276,46.991,48.2592714031006,50.0051666666667
"745",36.2976666666667,49.5123333333333,50.2880134681711,50.7983333333333
"746",39.7574714017114,50.3368477330697,52.92442531056,52.9296666666667
"747",40.3027603771816,51.7678954626506,52.0697320590366,53.4768333333333
"748",41.8125601758064,51.6716733067178,53.8721057936393,54.8188333333333
"749",42.452064965257,50.3735658573058,52.9444504094972,54.7741666666667
"750",42.5552503896915,50.3451585391242,55.3275408662555,52.7824272062846
"751",41.8492447826357,50.3783787125074,54.3712911231103,54.0804816880653
"752",37.1758403228445,48.6987264542427,56.0569359436,51.7988703759263
"753",30.8469689159424,46.934588194273,52.1843331133756,37.5323693693087
"754",30.8646316894452,47.1980078955509,45.5698468118492,26.2444874776548
"755",29.9995064573922,46.9419688167022,44.2710279146898,26.475412531483
"756",31.5781501397108,45.8780463633537,42.9595739446464,23.5756416474856
"757",30.6983247866374,47.0256330421769,41.9372898236167,27.355138145352
"758",30.9696698250654,45.0736204397394,45.5494928088869,41.6737930664225
"759",33.3756212401911,46.5115591613524,44.7801134918533,42.8513881371844
"760",31.8567389417333,45.2758929502895,36.6489335179703,28.234039632309
"761",28.9532636257599,45.7348765098519,39.9087676686082,31.0236213112299
"762",28.751150340633,45.6212827549719,45.6668816997243,28.7174392641401
"763",25.0779108739868,44.8289133531006,41.6620949538553,36.8120857748059
"764",22.7393432703151,43.5736772696978,24.2727294259775,35.8639797356855
"765",25.0021842222094,43.8812503117061,28.1045443991416,40.5657362824677
"766",27.1411860654963,44.895399315294,40.7708522999394,47.4985371289175
"767",29.2087202203896,45.4462321113273,45.5480702086711,45.1172299563671
"768",30.9782819642553,47.4619882006893,47.6004863656268,50.7630958350282
"769",36.5848742651595,48.9092466950956,49.8768719646837,50.427389617413
"770",39.0906000879332,50.6464424485113,52.0695374842686,52.1297279622227
"771",40.6330792302153,52.1782138258783,53.1390667327744,53.7957738747704
"772",41.8520869677251,51.6074099244147,53.7721708848829,55.2748810025063
"773",42.304533335275,50.3221200059237,53.6981252830443,54.5694702312189
"774",43.7758444432906,51.0107715286456,55.2519052439122,54.6858566097145
"775",41.5822681214406,49.8858357841122,55.443431654102,52.4602559215088
"776",38.4435831546861,49.0720011815905,55.6981903617527,53.1093436889505
"777",31.2243027320455,46.8328023933779,52.4773014605856,36.0626713447466
"778",30.8763446793296,47.4074920687652,45.4164322725549,33.5612234555533
"779",30.674300699544,46.6928911793368,48.5297722472312,29.9672586095475
"780",31.0540979366034,45.726944778776,41.5107490060034,22.5162828013487
"781",29.1641026638699,47.2808106711731,41.482134980305,33.9793576991
"782",31.0006439983525,45.5354017890733,33.6696029687585,40.4665212907616
"783",33.1913633206413,46.4653627526846,43.2332923106274,34.0681813408139
"784",31.5003138276133,45.050452364307,48.6183924025247,32.8270507792677
"785",30.4698947800323,45.5512706052285,39.6870079401121,26.0448250812361
"786",27.9392783013323,45.9976168258981,45.1698307314768,35.4172425096495
"787",24.5592338003698,44.986322679556,29.3520559999776,33.8498228042658
"788",23.2456040888181,42.8869684896426,26.6116320830459,37.6908264739788
"789",25.2927083324093,43.5635322673625,46.4519201982943,44.4188573392059
"790",26.6282253585414,44.5545860501229,54.5577107273416,45.0728857884409
"791",30.723846063805,45.2410778762905,46.4164083274706,49.1068144306111
"792",31.5443168476424,47.0777215334195,46.5715556618267,49.3114482543749
"793",35.483530370388,49.2597517934146,49.8257087754867,50.3306261640395
"794",38.8226008070556,50.4107420423986,52.6930235756941,52.1483148193529
"795",41.4042350201997,51.8628029078492,53.1822373189326,53.4890688459147
"796",41.9580016277769,51.3844777567998,53.6312619430168,55.4680829749324
"797",42.089112438503,50.8318385219012,54.2418838272214,54.0515085503546
"798",43.5217266011726,50.4988936393047,55.1986217966502,55.6747571456244
"799",43.1383323744097,49.5715837316422,55.7924986272528,51.5709270495882
"800",37.9154383498301,50.5180293624817,55.6796474306034,53.893133725854
"801",32.2730600966614,47.430817147576,52.5531086280116,41.1339306503273
"802",31.3975194763617,46.9671439657847,46.6154181837936,39.3151008627365
"803",31.0354357011682,46.9622710650141,47.7874130034324,28.4779688964318
"804",30.8686562874713,45.7381995358109,41.492000595045,24.4127749087878
"805",29.33023875495,46.8361334184203,35.0153258360241,34.6483943574949
"806",31.3941470336731,45.975533378859,52.6723979484122,36.9769181868084
"807",32.0649183868449,46.9445800218807,44.3365752325723,41.0206733513446
"808",32.1357379476155,45.1649452394068,48.6327001521354,29.2232428637013
"809",30.2086334775698,45.4325359271778,41.8201898686851,26.4079579495397
"810",27.3112513709013,46.0746533878896,37.3458708292607,32.1006084029805
"811",24.4159802983851,44.56008743652,33.6569348242315,39.8020841308598
"812",22.9958202473737,42.7678763207831,34.0180274307646,36.8209057918258
"813",24.1976871051992,43.6517100333534,47.1485422164427,44.8036340006958
"814",25.4942988864206,44.5890156579249,50.7779312303086,45.0778423559401
"815",29.1993465028971,45.2981735511687,45.4713719559331,44.0139905499412
"816",31.0229205810969,46.8428426568727,45.4589181879104,49.1137781739623
"817",36.2010618914525,49.3399065696011,50.5991923119063,49.0862390853044
"818",38.2451029148729,50.2823939586686,51.899420728471,52.061365697735
"819",41.2348787342457,51.2779409342528,52.6882655426482,53.893643053884
"820",42.2221133453835,50.9294001265148,53.6905337519793,54.7038879590839
"821",42.5460640639479,51.824241642441,54.2971382017367,55.2801435838528
"822",42.6813054766234,51.6430795605419,54.2306707005636,55.901131093969
"823",43.4434364110294,50.3907603841092,55.1699111167788,52.8325065071743
"824",39.1517445787166,50.1006148455126,56.0516854366112,53.5782288594177
"825",32.2133081958833,47.8723429987868,52.449291690622,46.4817938194962
"826",32.0123238914402,47.3606160435904,47.3738577371248,31.3473830682486
"827",30.7070931515977,46.4514729098657,46.6792872921758,19.9426166674546
"828",30.8231283754361,45.9165183891804,43.6757312551037,21.2441732530919
"829",30.2106482107962,46.5717328639605,28.2996772755956,27.1603491009222
"830",32.5178711596364,46.2884318935427,43.4566613829203,30.7214960436155
"831",30.9226196000082,46.8551834018009,46.5844921230912,37.7151855827649
"832",31.6993591592193,45.2885983247088,44.4573159573122,23.8244473539714
"833",29.679139919342,45.334043875122,38.1536605615663,25.1522308617333
"834",28.1516354989925,45.7260288971127,33.1114233464229,33.3032465088868
"835",24.9655614035863,44.0962288674921,47.5903545805309,31.4050634648564
"836",23.7272618869457,43.2423273350033,43.1399718650201,38.7522432018404
"837",25.1301046428852,44.0003995097185,30.0949193085453,44.1516916828765
"838",27.8674229208171,44.5374243587145,26.4895973834172,42.2403460807976
"839",27.5575235195258,45.4184425620236,35.3393004810517,48.1319809626964
"840",31.4295285665367,46.9724795469616,47.0957286802026,48.187485890247
"841",36.9495,49.0406666666667,50.0676666666667,51.5133333333333
"842",40.3135,51.184,52.8306666666667,53.418
"843",40.5033333333333,51.8453333333333,52.4006666666667,55.458
"844",41.7193333333333,51.6423333333333,53.5311666666667,57.6213333333333
"845",41.6896666666667,50.337,52.6831666666667,57.3365
"846",42.5453333333333,53.3851666666667,54.5731666666667,53.6946666666667
"847",40.9703333333333,50.8343333333333,54.6458333333333,52.225
"848",35.6813333333333,46.7371666666667,56.6101666666667,53.1165
"849",29.673,47.2658333333333,51.0673333333333,34.9786666666667
"850",31.1703333333333,47.562,46.011,20.523
"851",29.0871666666667,45.9641666666667,45.7111666666667,20.7788333333333
"852",31.7873333333333,45.648,41.7496666666667,28.6713333333333
"853",31.0278333333333,47.3,46.0395,28.5221666666667
"854",31.7338333333333,45.1726666666667,46.7441666666667,40.1255
"855",32.9008333333333,45.7098333333333,47.4168333333333,44.9373333333333
"856",33.026,45.0903333333333,40.9826666666667,40.085
"857",29.3141666666667,45.8266666666667,40.7695,36.8323333333333
"858",27.956,45.521,42.8533333333333,36.4583333333333
"859",25.5171666666667,45.6655,45.4908333333333,39.3338333333333
"860",23.9335,43.8755,35.3631666666667,37.8475
"861",25.9258333333333,43.7391666666667,41.6341666666667,38.4008333333333
"862",27.8505,44.8351666666667,45.52,45.4588333333333
"863",30.0778333333333,45.7201666666667,44.9778333333333,47.4058333333333
"864",31.445,47.59,46.856,50.0178333333333
"865",36.4045,48.3276666666667,50.2718333333333,51.7173333333333
"866",39.246,50.1841666666667,52.6511666666667,52.175
"867",40.5496666666667,51.9433333333333,52.5235,54.409
"868",41.4868333333333,51.5646666666667,53.576,55.0946666666667
"869",42.62,49.9306666666667,53.1781666666667,53.9188333333333
"870",43.9231666666667,49.2065,55.0156666666667,53.3363333333333
"871",42.2226666666667,49.652,54.7356666666667,52.716
"872",39.0855,50.7363333333333,54.554,52.8438333333333
"873",30.9845,46.4023333333333,52.8613333333333,37.6021666666667
"874",28.952,46.6451666666667,46.044,29.6675
"875",30.657,47.3673333333333,45.685,28.2246666666667
"876",30.015,45.3888333333333,43.1698333333333,23.8616666666667
"877",28.3863333333333,46.841,41.7293333333333,29.2686666666667
"878",29.42,45.0163333333333,47.7283333333333,45.0246666666667
"879",33.3295,46.9961666666667,47.7588333333333,43.1276666666667
"880",31.002,44.864,45.1015,32.51
"881",31.317,45.8065,36.2391666666667,31.5591666666667
"882",29.0215,46.3298333333333,42.9956666666667,33.9326666666667
"883",25.3968333333333,45.2631666666667,35.7251666666667,37.736
"884",24.5521666666667,42.324,24.9356666666667,39.7316666666667
"885",26.4551666666667,42.8011666666667,33.6198333333333,45.5155
"886",27.4761666666667,43.8951666666667,45.7535,44.962
"887",31.0891666666667,45.5448333333333,46.2343333333333,47.3545
"888",32.276,46.991,47.4825,50.0051666666667
"889",36.2976666666667,49.5123333333333,50.498,50.7983333333333
"890",38.8868333333333,50.7618333333333,52.8842241913214,52.9296666666667
"891",41.3655,52.7525,52.1043177552599,53.4768333333333
"892",42.1085,51.5173333333333,53.8640095803698,54.8188333333333
"893",41.5556666666667,50.8008333333333,53.0039164133026,54.7741666666667
"894",43.9235,50.7385,55.3401345258144,56.3935
"895",42.3273333333333,49.0151666666667,54.3564152901881,51.7973333333333
"896",36.9535,49.7566666666667,55.7818594349991,53.0991666666667
"897",30.9491666666667,47.179,52.5544727257165,35.2176666666667
"898",31.7148333333333,48.2786666666667,45.4541175705221,26.7028333333333
"899",30.4401666666667,46.4946666666667,44.288122107856,22.9455
"900",31.8225,46.4281666666667,43.1338201738545,18.6223333333333
"901",30.0846666666667,47.7071666666667,41.3202402345751,26.0528333333333
"902",32.2595,46.593,46.0070294784547,41.4615
"903",31.8108333333333,46.8306666666667,44.7985322222506,33.6228333333333
"904",32.7348333333333,45.246,37.2497264862403,21.1363333333333
"905",30.1675,44.9005,39.0189374762557,18.8848333333333
"906",26.8178333333333,46.1358333333333,45.9624858632115,36.9046666666667
"907",23.188,43.7211666666667,40.3949502074241,38.6766666666667
"908",20.7886666666667,42.4123333333333,23.7346674547696,32.4621666666667
"909",21.8561666666667,44.5018333333333,27.9780275883079,44.2021666666667
"910",22.9728333333333,45.0425,41.4464272856848,44.9291666666667
"911",28.1288333333333,44.2983333333333,45.692012836082,47.8103333333333
"912",32.0591666666667,46.6396666666667,47.5840723794058,48.708
"913",35.5533333333333,50.024,49.8692698494945,49.1683333333333
"914",39.4114319914755,50.4549033823252,51.9811379512643,51.3465
"915",40.597249246839,52.2149313856093,53.2395828311339,53.7558333333333
"916",41.7286214696171,51.6012232204489,53.7327321534853,54.6198333333333
"917",42.2222818508623,50.3444801052116,53.7831563111105,55.374
"918",43.537513680691,51.0783565233198,55.0939799966653,54.8090345415015
"919",41.700250825876,49.8604659227497,55.59930776243,52.4315619446469
"920",37.9272349360423,49.0466260184143,55.8051281523909,53.2042973347577
"921",30.7826780226249,46.8750932501429,52.1593636201497,36.2322600431527
"922",30.3952583183404,47.4275283542123,45.2047829376107,33.07630063602
"923",30.2826058170462,46.6561613089322,48.7807068790073,30.5260790448871
"924",30.9573810861858,45.7743195805093,40.9295522962004,23.2780767615026
"925",29.4085034429994,47.2748981352473,41.6549365244467,33.7911239724782
"926",30.7255371852264,45.5724876974709,33.2229072343852,41.7211557630599
"927",33.0944865937883,46.4768166183265,42.1392119587457,33.5934694351591
"928",31.7592485400986,45.0469900900258,49.4495163035994,30.5791269221946
"929",30.4429246188304,45.5392781219561,40.5448424475532,25.5403533774016
"930",28.2395469160374,45.9869164435984,44.9000933740824,35.0595331659647
"931",24.9663303507837,44.95233503342,28.5893864684789,35.0576409935029
"932",23.6626504296173,42.8944668415182,25.4124794931278,36.9419464504502
"933",25.5877265292587,43.6133266478452,46.4368695226409,44.6947089082694
"934",26.939633444149,44.5685206646698,54.714287344339,44.8047130693063
"935",30.4841132598873,45.2282409944881,46.4483027444153,49.5245448033237
"936",31.7596751512757,47.0731671531178,46.4140325488542,49.6953187560148
"937",35.9746873526584,49.2574647537969,49.842055317574,49.9971074903696
"938",38.9328742229155,50.3908126656583,52.8503390185755,52.0434563774446
"939",41.1785839802886,51.8192619239699,53.1280206691452,53.4309436273277
"940",41.9216810405358,51.35066707004,53.6633186807475,55.3674008745432
"941",42.0794398292839,50.8637243992145,54.3198054832236,54.398946939454
"942",43.659921228437,50.5497711133247,55.247350297425,55.7121521702443
"943",42.6947741986133,49.5753534616867,55.7780517894682,51.6690605376488
"944",38.0082426039134,50.6049260180442,55.6790047825787,53.6118460742577
"945",31.6183927408483,47.3759568556954,52.7877652831981,41.8781865602113
"946",30.9525535645304,47.0011853879424,47.1627265165421,38.7557743049225
"947",30.792953423406,46.9152306868179,47.4189073557862,27.9944176059682
"948",30.9375737834989,45.7299810342552,41.7486673222894,25.2956781602991
"949",29.4256294493269,46.7945610983925,32.318979175124,34.1656043172448
"950",31.2649057933217,45.9459058618222,54.5623547773424,37.407260076229
"951",32.288166715286,46.9675171492902,45.3830174346123,40.0536366348989
"952",31.9840875445214,45.1498199031085,47.7108486495585,29.4061350103181
"953",30.4321272990626,45.4639400369809,41.6935464684117,25.9738703270396
"954",27.5398308857409,46.0606410876938,36.5729356873088,32.2910207649203
"955",24.2282053100361,44.5763598010089,36.2739138872344,39.6312381449792
"956",22.7150340111709,42.8018694485781,36.9331419296873,37.4957647991368
"957",24.1011939737239,43.637747585487,46.989215551538,44.621416486088
"958",25.3328544919509,44.5712360813746,49.4616086871255,45.0096715773507
"959",29.2583572148091,45.3358492635054,45.3839345296468,44.2254628567462
"960",31.5413500940066,46.8710631772694,45.5051907534864,48.4838704011636
"961",35.9585305048099,49.2898113815583,50.6724351131734,49.2139996451488
"962",38.6494497848339,50.2780735132407,51.8379644765395,51.5802958893068
"963",41.2852693541669,51.2783713719658,52.6857723688015,54.1315851310151
"964",42.2103892425602,50.9139232941825,53.6834214442721,54.6855743445485
"965",42.3063063147455,51.8660578553038,54.3860751527137,55.4184717554396
"966",42.8766065096706,51.572164565034,54.1571524543529,55.6429044017023
"967",43.3409986190719,50.4912798048939,55.1067638030806,53.1223382567101
"968",38.863028482166,49.9530824969584,56.180669317042,53.4943963240838
"969",32.3991441830726,47.9258313584438,52.3636198450064,48.2192420539155
"970",31.823331546109,47.3356770384283,47.3269798484117,33.7652795470515
"971",30.7431002853605,46.478530511821,46.996907912545,18.6425635403263
"972",30.7361105108759,45.9280907596962,44.3177238310838,21.455461900658
"973",30.2235971719732,46.5795599679445,30.9044601324438,25.3565181722427
"974",32.2514794464857,46.2902612612931,42.0787224686371,30.7004997681588
"975",31.3987321988576,46.8466229095108,46.5143048587665,37.7168094617971
"976",31.8222934744759,45.2517152486742,44.3091812937983,24.9410677272079
"977",29.7883567807695,45.3646197822368,37.464702833951,24.7368299598402
"978",27.6324915776697,45.6815064266937,32.9593221181628,32.5509865321823
"979",24.4169887135495,44.0959965705013,47.8287092502025,32.2885545856665
"980",23.2073869426956,43.2032728120668,43.2232725442331,38.3731435184346
"981",24.7466832258995,44.0232038490004,30.3888177993349,44.1997676383684
"982",26.9855465558516,44.5133669259917,26.6235112597128,41.7784086647212
"983",27.9068951770783,45.3982657592508,35.4431272613124,47.6502412206691
"984",31.1226699768615,46.9842932315355,47.2564537183154,48.745188138944
"985",35.0850365479715,49.0589901748598,50.1756376399344,50.7756164098954
"986",39.5954788279815,49.9179905743351,53.291590273155,52.3203090794672
"987",41.0046328517211,50.3839557618765,52.9157986296593,55.0697574098558
"988",42.3107755883391,50.8914797557965,53.2573956268183,54.9014609273818
"989",42.2563068195077,51.4452417552248,54.5371396087819,56.0719130628185
"990",43.7863351299642,51.5486217088253,53.5686202315827,55.3094491267139
"991",42.5117410300271,50.2807585254287,54.6281165290955,50.916748811418
"992",39.5143718386994,49.981974574588,55.6944396361398,53.7540049655448
"993",32.861754040016,47.7108488454479,51.533259643568,41.8487460940073
"994",32.0188628949703,46.8136825085719,46.4877952314724,33.8464271174052
"995",30.8218933737855,46.7871865502212,45.6014709068974,19.2038204016738
"996",29.4513617646246,45.6115170159372,38.0539241289187,23.7704354574589
"997",30.1119283914806,45.9185291596441,23.6299242581584,21.7230876459822
"998",31.5006706262116,46.2143627339231,43.3232150319478,32.1312227486448
"999",32.2173119021608,46.2076482748418,47.3294953666186,36.0174970439604
"1000",31.5549834916088,45.2239069848256,43.7906794241745,27.9141714574059
"1001",30.1123188743634,45.3419700131686,35.4029446938351,22.8767936280514
"1002",28.7588492701189,45.370478766221,39.8454649326888,23.9242076140886
"1003",25.5520466013349,43.8399251130406,43.5632166265414,29.6550900602551
"1004",24.0152038814401,43.2234003530969,24.5852561240261,37.801922090952
"1005",25.2603939560462,43.9627752258067,19.6268371677424,34.0923942912315
"1006",27.1318791524685,44.3790789042812,32.0847305722297,43.7115393389152
"1007",27.7066392626724,45.9690386634621,48.0215117978518,41.7326258812829
"1008",31.739841765237,47.5496613861077,48.3309367671757,47.9020141468062
"1009",36.4045,48.3276666666667,50.2718333333333,51.7173333333333
"1010",39.246,50.1841666666667,52.6511666666667,52.175
"1011",40.5496666666667,51.9433333333333,52.5235,54.409
"1012",41.4868333333333,51.5646666666667,53.576,55.0946666666667
"1013",42.62,49.9306666666667,53.1781666666667,53.9188333333333
"1014",43.9231666666667,49.2065,55.0156666666667,53.3363333333333
"1015",42.2226666666667,49.652,54.7356666666667,52.716
"1016",39.0855,50.7363333333333,54.554,52.8438333333333
"1017",30.9845,46.4023333333333,52.8613333333333,37.6021666666667
"1018",28.952,46.6451666666667,46.044,29.6675
"1019",30.657,47.3673333333333,45.685,28.2246666666667
"1020",30.015,45.3888333333333,43.1698333333333,23.8616666666667
"1021",28.3863333333333,46.841,41.7293333333333,29.2686666666667
"1022",29.42,45.0163333333333,47.7283333333333,45.0246666666667
"1023",33.3295,46.9961666666667,47.7588333333333,43.1276666666667
"1024",31.002,44.864,45.1015,32.51
"1025",31.317,45.8065,36.2391666666667,31.5591666666667
"1026",29.0215,46.3298333333333,42.9956666666667,33.9326666666667
"1027",25.3968333333333,45.2631666666667,35.7251666666667,37.736
"1028",24.5521666666667,42.324,24.9356666666667,39.7316666666667
"1029",26.4551666666667,42.8011666666667,33.6198333333333,45.5155
"1030",27.4761666666667,43.8951666666667,45.7535,44.962
"1031",31.0891666666667,45.5448333333333,46.2343333333333,47.3545
"1032",32.276,46.991,47.4825,50.0051666666667
"1033",36.2976666666667,49.5123333333333,50.498,50.7983333333333
"1034",38.8868333333333,50.7618333333333,52.0463333333333,52.9296666666667
"1035",41.3655,52.7525,53.0231666666667,53.4768333333333
"1036",42.1085,51.5173333333333,53.5695,54.8188333333333
"1037",41.5556666666667,50.8008333333333,53.8661666666667,54.7741666666667
"1038",43.9235,50.7385,54.235,56.3935
"1039",42.3273333333333,49.0151666666667,55.564,51.7973333333333
"1040",36.9535,49.7566666666667,55.9166666666667,53.0991666666667
"1041",30.9491666666667,47.179,51.1763333333333,35.2176666666667
"1042",31.7148333333333,48.2786666666667,43.5165,26.7028333333333
"1043",30.4401666666667,46.4946666666667,46.5523333333333,22.9455
"1044",31.8225,46.4281666666667,39.1235,18.6223333333333
"1045",30.0846666666667,47.7071666666667,40.8545,26.0528333333333
"1046",32.2595,46.593,42.2981666666667,41.4615
"1047",31.8108333333333,46.8306666666667,36.2653333333333,33.6228333333333
"1048",32.7348333333333,45.246,45.6361666666667,21.1363333333333
"1049",30.1675,44.9005,43.283,18.8848333333333
"1050",26.8178333333333,46.1358333333333,44.9548333333333,36.9046666666667
"1051",23.188,43.7211666666667,30.351,38.6766666666667
"1052",20.7886666666667,42.4123333333333,13.4258333333333,32.4621666666667
"1053",21.8561666666667,44.5018333333333,28.9773333333333,44.2021666666667
"1054",22.9728333333333,45.0425,45.5146666666667,44.9291666666667
"1055",28.1288333333333,44.2983333333333,46.3666666666667,47.8103333333333
"1056",32.0591666666667,46.6396666666667,46.2773333333333,48.708
"1057",35.5533333333333,50.024,49.9065,49.1683333333333
"1058",38.8145,50.1133333333333,52.0126083714347,51.3465
"1059",41.326,50.5443333333333,53.2024069824063,53.7558333333333
"1060",42.275,50.7968333333333,53.7401608817066,54.6198333333333
"1061",42.525,51.9708333333333,53.7551002532051,55.374
"1062",42.006,52.0808333333333,55.1261346202184,55.6041666666667
"1063",44.1681666666667,50.1963333333333,55.547733850638,52.7108333333333
"1064",39.6896666666667,51.6791666666667,55.7654538727575,52.9538333333333
"1065",33.5338333333333,48.4911666666667,52.2414499302307,51.2168333333333
"1066",31.4798333333333,46.0233333333333,45.2496719142724,44.0955
"1067",31.1028333333333,46.9073333333333,48.6544652996983,21.255
"1068",30.1846666666667,45.2191666666667,41.0882397895156,26.0723333333333
"1069",30.7005,45.7165,41.5975067061787,29.1513333333333
"1070",32.0178333333333,46.2063333333333,33.5948392330481,28.0376666666667
"1071",31.4946666666667,47.1136666666667,42.4192737318495,37.5343333333333
"1072",31.2431666666667,45.3355,49.1307506987473,32.2683333333333
"1073",29.6283333333333,45.7281666666667,40.3024137568436,28.317
"1074",27.3286666666667,45.662,44.9581940179585,25.6563333333333
"1075",24.3016666666667,44.7145,28.8885407012797,36.9196666666667
"1076",24.2508333333333,43.7796666666667,25.5881873374593,44.695
"1077",26.4041666666667,43.6426666666667,46.1017542144012,45.7503333333333
"1078",28.7178333333333,44.8085,54.4719119631585,45.054
"1079",28.116,46.2463333333333,46.4364627194111,46.4918333333333
"1080",29.7315,47.0506666666667,46.4657467657527,48.9085
"1081",35.701,48.1843333333333,49.844336783946,50.7608333333333
"1082",38.9896899979111,50.8336414637882,52.8009781317416,51.6948333333333
"1083",41.0790720295674,51.4983420852362,53.1421178142149,54.7321666666667
"1084",42.0050419480651,51.4608269589715,53.656202295879,54.2293333333333
"1085",42.1395031027505,50.9820704304031,54.2981964904197,54.9785
"1086",43.286016475616,50.4198332969704,55.2229564986276,55.5849464356237
"1087",42.8027746704512,49.6668025189006,55.7822729826507,51.8202928007392
"1088",38.4709050028753,50.4880761614491,55.686533563214,53.3878072190165
"1089",31.6562451179442,47.873253155524,52.7127755698406,43.1218641593286
"1090",30.8172406115173,46.5778211389808,47.0007709401984,39.0189746101585
"1091",30.599967447223,46.95923959552,47.5058263317682,28.1183620515187
"1092",30.8430383966512,45.7274507028931,41.6497675945959,26.0970819959706
"1093",29.9502988243067,46.5211332596349,33.0060484238538,33.5612855397368
"1094",31.4562205721311,45.9821294761624,53.8338486352061,38.1781079923139
"1095",32.0946341631868,46.9485309680562,45.0377466909466,40.4115255642768
"1096",31.7534784427341,45.2121696003701,47.9145750051936,30.6220240096319
"1097",30.3030039945373,45.5298858138329,41.7458241250227,26.5845618668155
"1098",27.6109013936657,46.0298968438905,36.8770140359774,31.7616311363561
"1099",24.0425209281152,44.7554987405125,35.6211326697414,40.0012819084199
"1100",22.8163339097809,42.9621562915128,36.0228607065618,38.773292793816
"1101",24.5593396200806,43.4922025123553,46.8684433475411,43.8859821117967
"1102",26.0748545239875,44.5362404718695,49.744444604374,45.099529579077
"1103",28.8542098942013,45.5974763282442,45.4222123019082,44.6756490985838
"1104",31.5017073180443,46.8515250308712,45.5084520757035,47.5074743184817
"1105",35.6841132289785,49.1191849821203,50.6429082186972,49.2437981097098
"1106",39.3184311486153,50.2795103257186,51.8764662797625,51.404485798313
"1107",41.1922221263085,51.3311185310413,52.693450776606,54.0205946002019
"1108",42.2440039580156,50.9682176726264,53.6871102707451,54.4237565391789
"1109",42.2144470664869,51.8164465792254,54.3737043774924,55.3875536694648
"1110",43.4371590616834,51.9028427415082,54.1937918456087,55.5985674182593
"1111",42.9691404279018,50.5909774429109,55.1330438143123,53.3878539433012
"1112",39.1652906189483,49.9699899584727,56.1498691078383,53.4565548380073
"1113",32.6512161962944,47.6794780094794,52.3994797614291,49.0417243933582
"1114",31.8144682860021,47.7255939771703,47.3664868289633,34.9197355482314
"1115",30.5785085666399,46.3836570407356,46.9299917770811,16.7273285492098
"1116",29.9650255845531,45.9066741799518,44.1538883209958,21.8149565689964
"1117",29.9197521326946,46.7586808182821,30.2707681052786,24.8736446946855
"1118",31.9351488280532,46.3076010291098,42.5952532045865,29.5871988354306
"1119",32.1315600456943,46.7680301298463,46.559970798305,35.5263033118991
"1120",31.8927687211583,45.4384479099841,44.3542284353315,25.4165569950004
"1121",29.9653580827632,45.2367574226923,37.6749571148807,24.0015476116274
"1122",27.7284887965444,45.7407235048961,33.0410633739643,32.3288593094558
"1123",24.4285544699084,44.0044815347316,47.7203773704521,31.9683855334677
"1124",22.8937211648834,43.2695365394911,43.2564883893695,36.7080899926837
"1125",24.4111887465202,44.0778179001634,30.6717860925788,45.0743288027014
"1126",26.5439543484456,44.3679523619626,26.9910180022398,41.4455102302114
"1127",27.8207297662559,45.3181621102474,35.6263708067148,46.5318569454346
"1128",31.4106922497538,46.9434076639022,47.1982545496554,49.1529893350487
"1129",34.7598350603123,49.0483024375518,50.2448037506492,50.8738511984938
"1130",39.0616034896396,49.946330353842,53.2540135932549,52.3714761443333
"1131",41.1033880322147,50.372169983466,52.90790214529,55.2114681200471
"1132",42.5636565618195,50.9654279205621,53.2889668207893,55.180914186142
"1133",42.0377907121321,51.3730447437234,54.5657820682489,56.0617389554602
"1134",43.4770785230122,51.3727006241895,53.5722254079241,55.4186478325125
"1135",42.9550601238128,49.936307506583,54.6324933135955,51.137322400729
"1136",39.1818136106935,50.246688197218,55.7362144412433,53.1866549610833
"1137",33.2394339083075,47.5289289505729,51.5802847971465,40.9231409601888
"1138",32.1080149842582,46.7973227758248,46.5208198371535,32.8080441300385
"1139",31.5334842433389,47.0036831198692,45.6859230669979,18.4168635554957
"1140",29.7482157897431,45.5391644713295,38.4658999028397,23.9269103565523
"1141",30.2291806689718,45.8199135332506,24.2574059460175,20.8581673362401
"1142",30.8867233222551,46.2834206506755,43.0971343410286,31.8525026429745
"1143",31.8597753961818,46.0186917331019,47.2901066258957,35.0848430902081
"1144",31.5040803031966,45.2300133054,43.8038835934188,27.4895318071347
"1145",30.2836229770153,45.1970336855283,35.4116976670542,22.5082285145368
"1146",28.7014194999778,45.3984849056077,39.5773795704359,22.6731052548187
"1147",25.4369691343737,43.7625422461043,43.8154836576471,29.4100906475251
"1148",23.5422966354471,43.1861144653355,25.6210966183588,36.9123746346716
"1149",25.8440195996388,44.0111236660212,20.3451345858678,34.3418783906714
"1150",27.7947786805464,44.5072915199478,32.0674789880554,40.2882052714254
"1151",27.9562724203143,45.9393881940347,47.5912039936463,42.9862474646524
"1152",31.313608654328,47.808719444582,48.3006543203263,46.8159590603903
"1153",35.11005533471,48.6972141335685,49.8472523485538,50.2675350545307
"1154",39.1696521536873,49.9123852704669,51.6641072499498,53.0082733193757
"1155",40.7846014510685,50.5785445177313,50.9406659797723,53.8507679127814
"1156",42.6037715717429,50.012534545007,51.9759669843762,53.1474219335668
"1157",42.4401476009355,51.1708251027504,51.9919407477321,54.7556119629249
"1158",42.952212090271,51.1767413252944,53.3854324391661,51.6874339718179
"1159",42.2331955223961,49.8789872931921,55.0224140661846,53.2662704802546
"1160",38.2044542108249,49.5811992606808,55.0708294075278,53.5948729146903
"1161",32.8951943490873,46.9393917618805,50.3468222314748,36.6473349701519
"1162",31.8246340691359,46.7358942943315,44.823897739273,30.1101088998177
"1163",31.5930347631634,46.4539267792614,43.1974553882664,16.034270543325
"1164",30.5274629095127,45.9803430991661,26.1871243302011,26.4949772303749
"1165",30.6025800236136,45.9531383848172,30.5965593098131,21.9419824503064
"1166",30.8530426389882,46.332679981005,51.8296960247752,32.7921599640315
"1167",31.9975466287939,46.0133023280144,48.0492081687993,31.8598036349409
"1168",31.4891705087638,45.5934728863029,41.9404129370894,23.466263832561
"1169",30.8363054199707,45.2713865968725,35.2866271731587,18.8649634833711
"1170",29.467257687528,45.3082792745516,34.3910518937311,20.6494214961128
"1171",26.8192538341515,43.2851260234522,39.7992348311529,34.3669232336129
"1172",23.3593640453445,42.9203121076665,16.4716119253652,28.05557616911
"1173",24.3170905113986,43.8930640438006,24.3971489977679,41.8383957335989
"1174",27.0992361988169,44.5096303430748,36.3468361334662,42.3688133649776
"1175",28.2122183045575,45.2135287782482,52.6703714024959,45.5208223648117
"1176",31.5356646456404,47.5744969032897,46.4002815987189,48.1496974431398
"1177",36.2976666666667,49.5123333333333,50.498,50.7983333333333
"1178",38.8868333333333,50.7618333333333,52.0463333333333,52.9296666666667
"1179",41.3655,52.7525,53.0231666666667,53.4768333333333
"1180",42.1085,51.5173333333333,53.5695,54.8188333333333
"1181",41.5556666666667,50.8008333333333,53.8661666666667,54.7741666666667
"1182",43.9235,50.7385,54.235,56.3935
"1183",42.3273333333333,49.0151666666667,55.564,51.7973333333333
"1184",36.9535,49.7566666666667,55.9166666666667,53.0991666666667
"1185",30.9491666666667,47.179,51.1763333333333,35.2176666666667
"1186",31.7148333333333,48.2786666666667,43.5165,26.7028333333333
"1187",30.4401666666667,46.4946666666667,46.5523333333333,22.9455
"1188",31.8225,46.4281666666667,39.1235,18.6223333333333
"1189",30.0846666666667,47.7071666666667,40.8545,26.0528333333333
"1190",32.2595,46.593,42.2981666666667,41.4615
"1191",31.8108333333333,46.8306666666667,36.2653333333333,33.6228333333333
"1192",32.7348333333333,45.246,45.6361666666667,21.1363333333333
"1193",30.1675,44.9005,43.283,18.8848333333333
"1194",26.8178333333333,46.1358333333333,44.9548333333333,36.9046666666667
"1195",23.188,43.7211666666667,30.351,38.6766666666667
"1196",20.7886666666667,42.4123333333333,13.4258333333333,32.4621666666667
"1197",21.8561666666667,44.5018333333333,28.9773333333333,44.2021666666667
"1198",22.9728333333333,45.0425,45.5146666666667,44.9291666666667
"1199",28.1288333333333,44.2983333333333,46.3666666666667,47.8103333333333
"1200",32.0591666666667,46.6396666666667,46.2773333333333,48.708
"1201",35.5533333333333,50.024,49.9065,49.1683333333333
"1202",38.8145,50.1133333333333,52.9775,51.3465
"1203",41.326,50.5443333333333,53.1295,53.7558333333333
"1204",42.275,50.7968333333333,53.8701666666667,54.6198333333333
"1205",42.525,51.9708333333333,54.6458333333333,55.374
"1206",42.006,52.0808333333333,55.1195,55.6041666666667
"1207",44.1681666666667,50.1963333333333,55.9486666666667,52.7108333333333
"1208",39.6896666666667,51.6791666666667,56.086,52.9538333333333
"1209",33.5338333333333,48.4911666666667,53.1665,51.2168333333333
"1210",31.4798333333333,46.0233333333333,48.9831666666667,44.0955
"1211",31.1028333333333,46.9073333333333,46.8401666666667,21.255
"1212",30.1846666666667,45.2191666666667,41.4561666666667,26.0723333333333
"1213",30.7005,45.7165,21.4133333333333,29.1513333333333
"1214",32.0178333333333,46.2063333333333,47.3121666666667,28.0376666666667
"1215",31.4946666666667,47.1136666666667,47.6061666666667,37.5343333333333
"1216",31.2431666666667,45.3355,45.1186666666667,32.2683333333333
"1217",29.6283333333333,45.7281666666667,41.9,28.317
"1218",27.3286666666667,45.662,37.6026666666667,25.6563333333333
"1219",24.3016666666667,44.7145,46.2676666666667,36.9196666666667
"1220",24.2508333333333,43.7796666666667,45.8188333333333,44.695
"1221",26.4041666666667,43.6426666666667,46.9626666666667,45.7503333333333
"1222",28.7178333333333,44.8085,45.8333333333333,45.054
"1223",28.116,46.2463333333333,45.7805,46.4918333333333
"1224",29.7315,47.0506666666667,46.2155,48.9085
"1225",35.701,48.1843333333333,50.4985,50.7608333333333
"1226",39.6656666666667,49.8835,52.9268495928235,51.6948333333333
"1227",40.885,50.3881666666667,53.1057357565889,54.7321666666667
"1228",42.3013333333333,50.2708333333333,53.6730590049387,54.2293333333333
"1229",42.5476666666667,53.0718333333333,54.351380553284,54.9785
"1230",44.5396666666667,51.6796666666667,55.2861598433591,54.0596666666667
"1231",42.1023333333333,52.5673333333333,55.7701093804025,53.5061666666667
"1232",40.3078333333333,47.9125,55.6644503174686,53.2235
"1233",32.6016666666667,48.2105,52.9025182280329,51.8236666666667
"1234",32.5365,47.6435,47.4035509782019,46.8081666666667
"1235",30.0413333333333,45.9335,47.2854502154742,26.9173333333333
"1236",28.6951666666667,46.2741666666667,41.9052185478968,30.8681666666667
"1237",28.874,46.215,31.3157120025865,29.6055
"1238",31.9501666666667,45.995,55.7543714740307,39.835
"1239",32.493,46.5711666666667,45.907179249317,40.0655
"1240",31.9563333333333,44.9921666666667,47.4065528951483,28.67
"1241",30.049,45.524,41.610541107473,25.564
"1242",29.296,45.1146666666667,36.0908615194529,35.926
"1243",25.974,43.7863333333333,37.2307829557831,35.3485
"1244",23.3088333333333,43.3541666666667,38.2944470816968,35.0545
"1245",24.3028333333333,43.8726666666667,47.1704472048707,45.4996666666667
"1246",27.4428333333333,43.5846666666667,49.0388030221627,40.7121666666667
"1247",27.0935,45.6911666666667,45.3213697668752,44.5231666666667
"1248",33.2111666666667,47.3541666666667,45.4955449539844,48.3113333333333
"1249",32.6431666666667,49.0543333333333,50.719781319406,50.928
"1250",39.3601977757181,49.9490730027093,51.7718734057339,52.3238333333333
"1251",41.2034225777385,51.0303908629707,52.6723080608207,54.0425
"1252",42.2468732383795,50.4053805081433,53.6776984315873,54.9618333333333
"1253",42.1977436082803,51.4725857876164,54.4003246717912,56.3533333333333
"1254",43.3789394101496,50.5414627857764,54.0958526546555,55.7443603514643
"1255",43.0239538662448,49.3411296038093,55.0651941162292,53.3077701822724
"1256",39.164979393547,49.0927157432807,56.2260006371579,53.4130361025751
"1257",32.7279610310531,47.1969414079903,52.3049275005215,47.9259780575343
"1258",31.7579398913772,46.3780817045469,47.2593945195699,31.0305601585709
"1259",30.611740311259,45.854893500684,47.0900342834267,17.7370944905817
"1260",29.9515509417183,45.7195075026203,44.5525785458572,22.8388009823576
"1261",29.9786821941274,46.3549315366947,31.8031721520745,26.2638437685959
"1262",31.8997383125211,45.937178335853,41.2202922138045,29.5430440236858
"1263",32.1749714469337,46.6822996298267,46.4340865027192,35.5302174206955
"1264",31.8667605576534,44.5319900538929,44.2404594318585,24.348076146689
"1265",29.9661446485651,44.9266312123075,37.1471787637188,24.4730997141128
"1266",27.6304053250138,45.3460541989278,32.8344442808402,34.0622716291055
"1267",24.3324093899272,43.7491653875831,48.0138312002327,29.0936708217762
"1268",22.8910437371233,42.5514715350901,43.1545695458662,37.0930972651073
"1269",24.4694829552169,43.4790771473017,29.835773449834,46.2120632043591
"1270",26.5401691970139,44.4373855341786,25.9298536164619,40.6798942282796
"1271",27.8695607340978,45.1865982318362,35.0958412983738,47.3826411162507
"1272",31.2660791222659,47.0224540739911,47.3498809476834,48.8640906562725
"1273",34.8801630798465,49.513698113777,50.077973858161,50.8072354610959
"1274",39.01828920492,50.2267861656395,53.3576826524815,52.4261695946507
"1275",41.1073727479639,50.5329693415672,52.9285514367705,55.4079896180399
"1276",42.560548631007,50.9351315778893,53.2117382504922,55.1646895902584
"1277",42.0980186787181,51.3598813623608,54.4982037171951,55.9984269205227
"1278",43.4710836468998,51.125550501858,53.5589300286933,55.4953141867682
"1279",43.0054146491132,50.2260325838338,54.6189076642384,50.0153684484172
"1280",39.308407532536,49.1795576902677,55.6304873458919,54.2131087164134
"1281",33.2453135235751,47.6331052920642,51.4648229930098,39.7308172747206
"1282",32.1495924979167,46.2752475400548,46.4360347654221,31.1909922061475
"1283",31.4390226394911,45.9770641249254,45.4650671589698,17.8796947545161
"1284",29.6853909345758,45.1997573285834,37.4253328828182,23.6820756647203
"1285",30.0839857863179,45.7623373550822,22.6416390017561,21.2194358514181
"1286",30.9847462568291,46.0231011345953,43.6629325060743,31.6478006672622
"1287",31.8510957423034,46.5287450446339,47.3906096492184,35.5452584450618
"1288",31.5435526305266,45.2342862645088,43.7722541856119,27.5847403528309
"1289",30.2434661099097,45.7718380462266,35.390413562655,21.4505863419281
"1290",28.6883183958458,45.5948572602013,40.2769704251508,21.0847075140189
"1291",25.4190013425557,44.1998417653842,43.1825696349629,30.3658282248675
"1292",23.4524724847552,43.3302891357811,23.0230305218354,39.2225819253835
"1293",25.7781290834672,43.7238212965931,18.5471370149437,30.0606598980771
"1294",27.9460317032262,44.1900663373344,32.1478164375768,44.0768466533225
"1295",27.891591199764,46.0999420683545,48.7111462529894,42.836547780575
"1296",31.3992952053702,47.0088315483833,48.3780930984019,47.5190006958833
"1297",34.9305013714803,48.5382131302276,49.9774917750367,49.8354980997472
"1298",39.1544424107037,49.4801664673187,51.5270483754981,52.908969902537
"1299",40.831067743383,49.918684020414,50.8516038562721,53.4110280095122
"1300",42.6495209833167,50.1266059570052,51.9735924808658,52.7529810929393
"1301",42.4021016957522,50.288384806235,51.7965947562743,55.0706699889022
"1302",42.9953761441404,50.9714151448483,53.3564928092321,51.3934103720889
"1303",42.2705369750142,50.0430842184654,55.0366884786485,53.9584654799136
"1304",38.1612213139072,49.2235818656427,55.0935153183595,53.3790648850008
"1305",32.958889636735,47.6676812631971,50.2674724514951,38.3284698065065
"1306",31.8843043361016,47.1544359169457,44.6244314073815,30.5745895145711
"1307",31.650798762041,46.9456676865457,42.9989680518522,15.0708171026409
"1308",30.601869680885,45.9769353820198,25.1654099036542,27.7437803273213
"1309",30.6273034543128,46.1312852030085,31.4824076369235,21.8287099501935
"1310",30.693940111592,46.4641566693373,52.1395865283142,32.2489338024629
"1311",32.0038388911166,46.0921644797872,48.0703957010621,31.0691447685635
"1312",31.4627090232292,45.5867644700141,41.8527670801836,23.9817081149738
"1313",30.8754002566201,45.5290196696347,35.6926994096018,17.7493890553253
"1314",29.4819153471205,45.5907637790588,33.8021576717812,21.8313942473356
"1315",26.7356242623831,43.8993706856031,39.6162234631958,34.6423150174598
"1316",23.443357587437,43.3735824704912,16.5791249536888,26.4261969177127
"1317",24.6067576332051,44.6048452263184,25.4906046862467,42.4935027821191
"1318",27.0967885692714,44.6033287662509,36.9549213061828,41.5370809618379
"1319",28.2205608734761,45.8758823994729,52.487489334075,45.7815562994518
"1320",31.4713943833754,48.1349080784915,46.2391272722837,48.4650878724275
"1321",35.6858236667116,49.0771777417241,47.6219307097752,50.6735506150204
"1322",38.9598384186087,49.8763260068862,50.5005326606185,51.6151161890174
"1323",40.3830323904924,50.9412184845006,52.8820136836852,53.0691890466709
"1324",41.8200844032751,50.8440315442416,52.5821762129136,55.0032663307247
"1325",43.0917773125416,50.8397347315639,53.1749298741913,56.5777354422643
"1326",42.1659419709619,52.1638730363209,54.2819911287215,54.1789660879995
"1327",42.4005746224976,49.1478359588248,54.2780542887601,55.0232428206769
"1328",37.5502107682489,51.1460650650441,55.6995987676999,53.9666522029559
"1329",32.4458116018461,47.272377988692,49.789209380969,33.6999596521334
"1330",31.8822195400892,46.9477068100704,43.0510527511678,28.9878975617311
"1331",30.7008308774702,47.6458759202091,42.5089971270221,21.8364374610101
"1332",30.9231698108804,45.7711226600621,36.9634418306434,28.8428570223443
"1333",31.2541349827198,46.4015012707075,35.0755406948048,20.85669922777
"1334",30.9673200316442,47.4537010745329,49.4958047983527,34.8179200750298
"1335",31.8973283509491,46.2514901823614,44.3584482332171,30.4310199221578
"1336",31.1085622840346,46.1189575664123,37.1480482952805,14.8022984813013
"1337",30.4550408574578,45.2412801146193,37.3191874075234,16.7596958203913
"1338",29.5172559937999,45.3527364564667,36.838618766205,22.3582356516911
"1339",26.8134550187608,42.4469980927798,41.6941351868269,33.971064884844
"1340",22.5641209531505,41.994449545393,18.5787935408052,20.1200632909337
"1341",22.7359781134315,42.5638257723326,20.3408289577619,41.0004326701487
"1342",27.3128271796161,43.348302804155,47.8763314153206,30.1680123809188
"1343",28.7006798325152,44.0442955030536,45.8189145064843,28.9796495727481
"1344",31.290258773392,46.6523700962314,45.8728949190913,40.5948762230673
